-- MySQL dump 10.13  Distrib 8.0.41, for Linux (x86_64)
--
-- Host: localhost    Database: boardify_unimal
-- ------------------------------------------------------
-- Server version	8.0.41-0ubuntu0.20.04.1

/*!40101 SET @OLD_CHARACTER_SET_CLIENT=@@CHARACTER_SET_CLIENT */;
/*!40101 SET @OLD_CHARACTER_SET_RESULTS=@@CHARACTER_SET_RESULTS */;
/*!40101 SET @OLD_COLLATION_CONNECTION=@@COLLATION_CONNECTION */;
/*!50503 SET NAMES utf8mb4 */;
/*!40103 SET @OLD_TIME_ZONE=@@TIME_ZONE */;
/*!40103 SET TIME_ZONE='+00:00' */;
/*!40014 SET @OLD_UNIQUE_CHECKS=@@UNIQUE_CHECKS, UNIQUE_CHECKS=0 */;
/*!40014 SET @OLD_FOREIGN_KEY_CHECKS=@@FOREIGN_KEY_CHECKS, FOREIGN_KEY_CHECKS=0 */;
/*!40101 SET @OLD_SQL_MODE=@@SQL_MODE, SQL_MODE='NO_AUTO_VALUE_ON_ZERO' */;
/*!40111 SET @OLD_SQL_NOTES=@@SQL_NOTES, SQL_NOTES=0 */;

--
-- Table structure for table `AuditLog`
--

DROP TABLE IF EXISTS `AuditLog`;
/*!40101 SET @saved_cs_client     = @@character_set_client */;
/*!50503 SET character_set_client = utf8mb4 */;
CREATE TABLE `AuditLog` (
  `id` varchar(191) CHARACTER SET utf8mb4 COLLATE utf8mb4_unicode_ci NOT NULL,
  `orgId` varchar(191) CHARACTER SET utf8mb4 COLLATE utf8mb4_unicode_ci NOT NULL,
  `action` enum('CREATE','UPDATE','DELETE','SEND') CHARACTER SET utf8mb4 COLLATE utf8mb4_unicode_ci NOT NULL,
  `entityId` varchar(191) CHARACTER SET utf8mb4 COLLATE utf8mb4_unicode_ci NOT NULL,
  `entityType` enum('BOARD','LIST','CARD','MESSAGE') CHARACTER SET utf8mb4 COLLATE utf8mb4_unicode_ci NOT NULL,
  `entityTitle` varchar(191) CHARACTER SET utf8mb4 COLLATE utf8mb4_unicode_ci NOT NULL,
  `userId` varchar(191) CHARACTER SET utf8mb4 COLLATE utf8mb4_unicode_ci NOT NULL,
  `userImage` text CHARACTER SET utf8mb4 COLLATE utf8mb4_unicode_ci NOT NULL,
  `userName` text CHARACTER SET utf8mb4 COLLATE utf8mb4_unicode_ci NOT NULL,
  `createdAt` datetime(3) NOT NULL DEFAULT CURRENT_TIMESTAMP(3),
  `updatedAt` datetime(3) NOT NULL,
  PRIMARY KEY (`id`)
) ENGINE=InnoDB DEFAULT CHARSET=utf8mb4 COLLATE=utf8mb4_unicode_ci;
/*!40101 SET character_set_client = @saved_cs_client */;

--
-- Dumping data for table `AuditLog`
--

LOCK TABLES `AuditLog` WRITE;
/*!40000 ALTER TABLE `AuditLog` DISABLE KEYS */;
INSERT INTO `AuditLog` VALUES ('01be6706-f235-4bd8-bf17-2baaa84cb89c','org_2tJ4jx1wCUAb7JUT9RXmYeIj14l','CREATE','afcb953a-ae58-487d-9843-eba34c31c21d','MESSAGE','Haloo','user_2phvIQrCwUAdanI99EzPItSjJ5u','https://img.clerk.com/eyJ0eXBlIjoicHJveHkiLCJzcmMiOiJodHRwczovL2ltYWdlcy5jbGVyay5kZXYvdXBsb2FkZWQvaW1nXzJwaHdNZ240N2pNcG0zTklGYWo3SWc4d1pRSiJ9','Bagas imam','2025-03-06 15:32:47.266','2025-03-06 15:32:47.266'),('01c55014-80f0-4e0a-aa06-8df8a11c62ca','org_2mMu4iRQhXx0ZwMoWgcstnI0LTh','CREATE','f8c99216-88da-4b00-8b68-c57a6ef82d2a','BOARD','tes1','user_2mMtyq9xNamzjRKQzGccN2igZJ5','https://img.clerk.com/eyJ0eXBlIjoicHJveHkiLCJzcmMiOiJodHRwczovL2ltYWdlcy5jbGVyay5kZXYvdXBsb2FkZWQvaW1nXzJyNzl6NGJQcG9iUDlDdTlIejN4Z1JiYjN0dSJ9','Faiz Syukri Arta','2025-03-13 19:44:59.859','2025-03-13 19:44:59.859'),('030dbe7b-a70a-4a2d-92c6-7b4d0b16d908','org_2uGaYZiy7Zv7xPn2iVgZmMBDvuw','CREATE','0efcd2d8-70b4-4dbf-a4f2-df415a964c1a','BOARD','Bimbingan TGA','user_2uGi4lLqVZHDlB5zBdZPj39BRGl','https://img.clerk.com/eyJ0eXBlIjoiZGVmYXVsdCIsImlpZCI6Imluc18ybU10aE1BZjlUdjlqOURlQnFNMHg5cXVLTUciLCJyaWQiOiJ1c2VyXzJ1R2k0bExxVlpIRGxCNXpCZFpQajM5QlJHbCJ9','fikry','2025-03-13 15:55:48.139','2025-03-13 15:55:48.139'),('056e324d-dfba-4133-abad-f93a4193cb73','org_2tJ4jx1wCUAb7JUT9RXmYeIj14l','CREATE','afcb953a-ae58-487d-9843-eba34c31c21d','CARD','semoga','user_2phvIQrCwUAdanI99EzPItSjJ5u','https://img.clerk.com/eyJ0eXBlIjoicHJveHkiLCJzcmMiOiJodHRwczovL2ltYWdlcy5jbGVyay5kZXYvdXBsb2FkZWQvaW1nXzJwaHdNZ240N2pNcG0zTklGYWo3SWc4d1pRSiJ9','Bagas imam','2025-03-06 15:32:28.805','2025-03-06 15:32:28.805'),('05a2a0cc-bb80-40a0-8b3e-16a35d2da1a7','org_2mMu4iRQhXx0ZwMoWgcstnI0LTh','CREATE','8e5c6b18-5ba4-4ff4-b99f-c62fbabbf7f9','BOARD','test6','user_2mMtyq9xNamzjRKQzGccN2igZJ5','https://img.clerk.com/eyJ0eXBlIjoicHJveHkiLCJzcmMiOiJodHRwczovL2ltYWdlcy5jbGVyay5kZXYvdXBsb2FkZWQvaW1nXzJyNzl6NGJQcG9iUDlDdTlIejN4Z1JiYjN0dSJ9','Faiz Syukri Arta','2025-03-13 19:46:01.108','2025-03-13 19:46:01.108'),('05c463fc-b980-4013-8e24-3f942d947063','org_2u6hdAmviIE3PHaFUTEPGiyIv30','CREATE','d92d9dca-23a6-4f90-a2f6-8d73a04e6eb5','BOARD','ANGKATAN 22','user_2u6YMweHZJsj4uWTePLAdPOhQpr','https://img.clerk.com/eyJ0eXBlIjoicHJveHkiLCJzcmMiOiJodHRwczovL2ltYWdlcy5jbGVyay5kZXYvb2F1dGhfZ29vZ2xlL2ltZ18ydTZZTXd1MFdaanNFa1lRRTNiT1RaajM3SFYifQ','Langit Ketujuh7','2025-03-10 02:52:09.312','2025-03-10 02:52:09.312'),('0a32653a-04a6-4e8a-ad7d-e18d51ce6d6f','org_2uGaYZiy7Zv7xPn2iVgZmMBDvuw','UPDATE','0efcd2d8-70b4-4dbf-a4f2-df415a964c1a','BOARD','Bimbingan Skripsi','user_2uGm8WZwzPz8hH0Bwv8kBKq2IVl','https://img.clerk.com/eyJ0eXBlIjoiZGVmYXVsdCIsImlpZCI6Imluc18ybU10aE1BZjlUdjlqOURlQnFNMHg5cXVLTUciLCJyaWQiOiJ1c2VyXzJ1R204V1p3elB6OGhIMEJ3djhrQktxMklWbCJ9','muhfikry','2025-03-13 16:56:58.036','2025-03-13 16:56:58.036'),('0c72c3f7-fc7e-4331-a750-a2947019dd88','org_2tJ4jx1wCUAb7JUT9RXmYeIj14l','CREATE','afcb953a-ae58-487d-9843-eba34c31c21d','MESSAGE','Aman tapi di firefox','user_2phvIQrCwUAdanI99EzPItSjJ5u','https://img.clerk.com/eyJ0eXBlIjoicHJveHkiLCJzcmMiOiJodHRwczovL2ltYWdlcy5jbGVyay5kZXYvdXBsb2FkZWQvaW1nXzJwaHdNZ240N2pNcG0zTklGYWo3SWc4d1pRSiJ9','Bagas imam','2025-03-06 15:34:43.547','2025-03-06 15:34:43.547'),('0f63f606-48f8-46cc-a010-24d23354a22c','org_2uIZGca8rP8mYytAXXc7iH5ovsN','CREATE','cff327b7-7a53-4a2b-a778-2eb9b298a1b5','BOARD','Gyy','user_2uIZ8269sNJXdhq2OeAEBdEZqhI','https://img.clerk.com/eyJ0eXBlIjoicHJveHkiLCJzcmMiOiJodHRwczovL2ltYWdlcy5jbGVyay5kZXYvb2F1dGhfZ29vZ2xlL2ltZ18ydUlaODZ5UWtxdlFvcmFlQUxOMXVrWG1sakMifQ','Aureliia null','2025-03-14 07:40:10.959','2025-03-14 07:40:10.959'),('14061eee-306c-4624-a456-3d27216a3201','org_2mNEjfkib7dyRsxEVt5r9qRa7bm','CREATE','915208f4-bbef-4c51-80dd-110b50ee1a68','LIST','SIDANG','user_2mNEiJ8PZq0v82suFam7bt8d8wD','https://img.clerk.com/eyJ0eXBlIjoicHJveHkiLCJzcmMiOiJodHRwczovL2ltYWdlcy5jbGVyay5kZXYvb2F1dGhfZ29vZ2xlL2ltZ18ybU5FaUpHdzNJV0FaZFNTU3c2dUMxcTF2bGEifQ','Wirda Syahrifa null','2025-03-10 01:13:30.546','2025-03-10 01:13:30.546'),('1675ffc4-d031-4c04-939d-3fd76046166f','org_2mMu4iRQhXx0ZwMoWgcstnI0LTh','UPDATE','481e4d43-377a-444c-b695-6f2c9c02682a','CARD','tes','user_2mMtyq9xNamzjRKQzGccN2igZJ5','https://img.clerk.com/eyJ0eXBlIjoicHJveHkiLCJzcmMiOiJodHRwczovL2ltYWdlcy5jbGVyay5kZXYvdXBsb2FkZWQvaW1nXzJyNzl6NGJQcG9iUDlDdTlIejN4Z1JiYjN0dSJ9','Faiz Syukri Arta','2025-03-14 08:29:35.106','2025-03-14 08:29:35.106'),('1ef47e40-45e6-409e-a014-9c36664e4648','org_2qBnJXSEmgap5Mo3ikxs4JCOJGK','CREATE','b009d576-d616-4c39-bc07-4e1f48c2678d','MESSAGE','Halo','user_2phvIQrCwUAdanI99EzPItSjJ5u','https://img.clerk.com/eyJ0eXBlIjoicHJveHkiLCJzcmMiOiJodHRwczovL2ltYWdlcy5jbGVyay5kZXYvdXBsb2FkZWQvaW1nXzJwaHdNZ240N2pNcG0zTklGYWo3SWc4d1pRSiJ9','Bagas imam','2025-03-06 15:22:23.910','2025-03-06 15:22:23.910'),('1f81dcba-23d4-47cf-8388-1d4ff74a9cb6','org_2mMu4iRQhXx0ZwMoWgcstnI0LTh','DELETE','a3fb4f97-26ef-480c-80b6-477877811148','BOARD','tes','user_2mMtyq9xNamzjRKQzGccN2igZJ5','https://img.clerk.com/eyJ0eXBlIjoicHJveHkiLCJzcmMiOiJodHRwczovL2ltYWdlcy5jbGVyay5kZXYvdXBsb2FkZWQvaW1nXzJyNzl6NGJQcG9iUDlDdTlIejN4Z1JiYjN0dSJ9','Faiz Syukri Arta','2025-03-14 07:46:22.854','2025-03-14 07:46:22.854'),('1fe31651-d300-4bda-b997-549608530f4b','org_2mNEjfkib7dyRsxEVt5r9qRa7bm','CREATE','7bcfcec8-682c-4286-94ab-018147c07cc3','MESSAGE','HALOOO\n','user_2mNEiJ8PZq0v82suFam7bt8d8wD','https://img.clerk.com/eyJ0eXBlIjoicHJveHkiLCJzcmMiOiJodHRwczovL2ltYWdlcy5jbGVyay5kZXYvb2F1dGhfZ29vZ2xlL2ltZ18ybU5FaUpHdzNJV0FaZFNTU3c2dUMxcTF2bGEifQ','Wirda Syahrifa null','2025-03-10 01:25:35.213','2025-03-10 01:25:35.213'),('20bc3d9f-c0ea-432f-ad14-330e55c67024','org_2mMu4iRQhXx0ZwMoWgcstnI0LTh','DELETE','6953bedb-08cf-4d21-97af-171a71469ec2','BOARD','test4','user_2mMtyq9xNamzjRKQzGccN2igZJ5','https://img.clerk.com/eyJ0eXBlIjoicHJveHkiLCJzcmMiOiJodHRwczovL2ltYWdlcy5jbGVyay5kZXYvdXBsb2FkZWQvaW1nXzJyNzl6NGJQcG9iUDlDdTlIejN4Z1JiYjN0dSJ9','Faiz Syukri Arta','2025-03-13 19:46:36.252','2025-03-13 19:46:36.252'),('20c7890c-e613-4252-9512-8d8fc59d6c55','org_2qBnJXSEmgap5Mo3ikxs4JCOJGK','CREATE','b009d576-d616-4c39-bc07-4e1f48c2678d','MESSAGE','Notif satunya','user_2qBnHH1IPa8mHVX6uRp414B74dD','https://img.clerk.com/eyJ0eXBlIjoicHJveHkiLCJzcmMiOiJodHRwczovL2ltYWdlcy5jbGVyay5kZXYvb2F1dGhfZ29vZ2xlL2ltZ18ycUJuSE1iMXNRQnVTTTI3eDdDUzlWQkNJQVAifQ','bagas wijaksono','2025-01-02 07:29:29.851','2025-01-02 07:29:29.851'),('21613924-db0d-4e12-93df-7d5a852aceb6','org_2mNEjfkib7dyRsxEVt5r9qRa7bm','CREATE','92fde825-7431-40ac-a640-d7ab23756fad','LIST','SEMPRO','user_2mNEiJ8PZq0v82suFam7bt8d8wD','https://img.clerk.com/eyJ0eXBlIjoicHJveHkiLCJzcmMiOiJodHRwczovL2ltYWdlcy5jbGVyay5kZXYvb2F1dGhfZ29vZ2xlL2ltZ18ybU5FaUpHdzNJV0FaZFNTU3c2dUMxcTF2bGEifQ','Wirda Syahrifa null','2025-03-10 01:13:17.819','2025-03-10 01:13:17.819'),('218715e9-bd79-43dc-b47b-fede73c29c5b','org_2mMu4iRQhXx0ZwMoWgcstnI0LTh','CREATE','7ca8c011-8d0e-4d5a-a263-7d048e7eb02a','MESSAGE','Masuk','user_2mMtyq9xNamzjRKQzGccN2igZJ5','https://img.clerk.com/eyJ0eXBlIjoicHJveHkiLCJzcmMiOiJodHRwczovL2ltYWdlcy5jbGVyay5kZXYvdXBsb2FkZWQvaW1nXzJyNzl6NGJQcG9iUDlDdTlIejN4Z1JiYjN0dSJ9','Faiz Syukri Arta','2025-03-09 09:15:41.859','2025-03-09 09:15:41.859'),('21ed7b33-c667-42df-b2af-e69156125ce7','org_2uGaYZiy7Zv7xPn2iVgZmMBDvuw','CREATE','a518cfdc-8c66-4672-b931-dc1f8d45554c','CARD','Skripsi Faiz Syukri Arta','user_2uGi4lLqVZHDlB5zBdZPj39BRGl','https://img.clerk.com/eyJ0eXBlIjoiZGVmYXVsdCIsImlpZCI6Imluc18ybU10aE1BZjlUdjlqOURlQnFNMHg5cXVLTUciLCJyaWQiOiJ1c2VyXzJ1R2k0bExxVlpIRGxCNXpCZFpQajM5QlJHbCJ9','fikry','2025-03-13 16:26:32.783','2025-03-13 16:26:32.783'),('230dd562-7850-456c-ab2d-2bda4f02fc16','org_2qBnJXSEmgap5Mo3ikxs4JCOJGK','CREATE','b009d576-d616-4c39-bc07-4e1f48c2678d','MESSAGE','Gimana','user_2qBnHH1IPa8mHVX6uRp414B74dD','https://img.clerk.com/eyJ0eXBlIjoicHJveHkiLCJzcmMiOiJodHRwczovL2ltYWdlcy5jbGVyay5kZXYvb2F1dGhfZ29vZ2xlL2ltZ18ycUJuSE1iMXNRQnVTTTI3eDdDUzlWQkNJQVAifQ','bagas wijaksono','2025-01-02 07:24:36.096','2025-01-02 07:24:36.096'),('231f7900-83bf-4005-a3f4-b780c3671a9f','org_2mMu4iRQhXx0ZwMoWgcstnI0LTh','CREATE','6953bedb-08cf-4d21-97af-171a71469ec2','BOARD','test4','user_2mMtyq9xNamzjRKQzGccN2igZJ5','https://img.clerk.com/eyJ0eXBlIjoicHJveHkiLCJzcmMiOiJodHRwczovL2ltYWdlcy5jbGVyay5kZXYvdXBsb2FkZWQvaW1nXzJyNzl6NGJQcG9iUDlDdTlIejN4Z1JiYjN0dSJ9','Faiz Syukri Arta','2025-03-13 19:45:39.405','2025-03-13 19:45:39.405'),('249c4fcd-99a0-49ee-a6ab-5878f1b8ad3d','org_2uGaYZiy7Zv7xPn2iVgZmMBDvuw','DELETE','6ef0793c-22f9-48fc-aa31-d1376e03d15e','CARD','Skripsi Faiz Syukri Arta - Copy','user_2uGi4lLqVZHDlB5zBdZPj39BRGl','https://img.clerk.com/eyJ0eXBlIjoiZGVmYXVsdCIsImlpZCI6Imluc18ybU10aE1BZjlUdjlqOURlQnFNMHg5cXVLTUciLCJyaWQiOiJ1c2VyXzJ1R2k0bExxVlpIRGxCNXpCZFpQajM5QlJHbCJ9','fikry','2025-03-13 16:26:57.158','2025-03-13 16:26:57.158'),('2673b5a2-8366-4362-94f4-2501b5924b64','org_2tJ4jx1wCUAb7JUT9RXmYeIj14l','CREATE','afcb953a-ae58-487d-9843-eba34c31c21d','MESSAGE','apakah jadi cronjob nya','user_2t9iWAfZRK7bK56gR9Hg6H1EFGC','https://img.clerk.com/eyJ0eXBlIjoicHJveHkiLCJzcmMiOiJodHRwczovL2ltYWdlcy5jbGVyay5kZXYvb2F1dGhfZ29vZ2xlL2ltZ18ydDlpVzdhTXl1Qmc0MjJHUDdOOGFQOTc3aWQifQ','boardify null','2025-03-07 22:19:38.149','2025-03-07 22:19:38.149'),('275bb444-3cd2-4aab-9510-8903227011cf','org_2mMu4iRQhXx0ZwMoWgcstnI0LTh','CREATE','269002ac-14ff-44c1-bd16-c6a23b346b2f','MESSAGE','Hahahaha','user_2mMuDB8sShERbTvDUixSNkGAKxI','https://img.clerk.com/eyJ0eXBlIjoicHJveHkiLCJzcmMiOiJodHRwczovL2ltYWdlcy5jbGVyay5kZXYvb2F1dGhfZ29vZ2xlL2ltZ18ybU11RDRVdHlzVE1IV041WnBHTDNBT1VIdGcifQ','Faiz Arta','2025-03-14 12:32:53.387','2025-03-14 12:32:53.387'),('2882259c-bbb6-4934-b045-ec076f5fba82','org_2qBnJXSEmgap5Mo3ikxs4JCOJGK','CREATE','b009d576-d616-4c39-bc07-4e1f48c2678d','MESSAGE','CEk notif','user_2phvIQrCwUAdanI99EzPItSjJ5u','https://img.clerk.com/eyJ0eXBlIjoicHJveHkiLCJzcmMiOiJodHRwczovL2ltYWdlcy5jbGVyay5kZXYvdXBsb2FkZWQvaW1nXzJwaHdNZ240N2pNcG0zTklGYWo3SWc4d1pRSiJ9','Bagas imam','2025-01-02 07:29:04.078','2025-01-02 07:29:04.078'),('2b05559e-c568-4073-bb42-01a10f29074d','org_2uGaYZiy7Zv7xPn2iVgZmMBDvuw','CREATE','4574bfe7-ddcc-47f7-a3c2-5072eccae181','CARD','Skripsi Faiz Syukri Arta - Copy','user_2uGi4lLqVZHDlB5zBdZPj39BRGl','https://img.clerk.com/eyJ0eXBlIjoiZGVmYXVsdCIsImlpZCI6Imluc18ybU10aE1BZjlUdjlqOURlQnFNMHg5cXVLTUciLCJyaWQiOiJ1c2VyXzJ1R2k0bExxVlpIRGxCNXpCZFpQajM5QlJHbCJ9','fikry','2025-03-14 15:24:32.737','2025-03-14 15:24:32.737'),('2d015e93-86a0-4d63-9826-248c780357c3','org_2uIZGca8rP8mYytAXXc7iH5ovsN','CREATE','eca55a87-6434-43c7-8314-ad39c971326f','LIST','Fff','user_2uIZ8269sNJXdhq2OeAEBdEZqhI','https://img.clerk.com/eyJ0eXBlIjoicHJveHkiLCJzcmMiOiJodHRwczovL2ltYWdlcy5jbGVyay5kZXYvb2F1dGhfZ29vZ2xlL2ltZ18ydUlaODZ5UWtxdlFvcmFlQUxOMXVrWG1sakMifQ','Aureliia null','2025-03-14 07:40:23.446','2025-03-14 07:40:23.446'),('2d9790de-76ef-4e41-a734-812705a9c9db','org_2qBnJXSEmgap5Mo3ikxs4JCOJGK','CREATE','d1e20243-95ef-48a7-bec8-f261eb093f5b','LIST','Halo','user_2qBnHH1IPa8mHVX6uRp414B74dD','https://img.clerk.com/eyJ0eXBlIjoicHJveHkiLCJzcmMiOiJodHRwczovL2ltYWdlcy5jbGVyay5kZXYvb2F1dGhfZ29vZ2xlL2ltZ18ycUJuSE1iMXNRQnVTTTI3eDdDUzlWQkNJQVAifQ','bagas wijaksono','2025-01-01 23:52:10.391','2025-01-01 23:52:10.391'),('2ddab9f1-7b4d-492d-bfd0-ab54be2af803','org_2mMu4iRQhXx0ZwMoWgcstnI0LTh','UPDATE','269002ac-14ff-44c1-bd16-c6a23b346b2f','CARD','ssfsf','user_2mMtyq9xNamzjRKQzGccN2igZJ5','https://img.clerk.com/eyJ0eXBlIjoicHJveHkiLCJzcmMiOiJodHRwczovL2ltYWdlcy5jbGVyay5kZXYvdXBsb2FkZWQvaW1nXzJyNzl6NGJQcG9iUDlDdTlIejN4Z1JiYjN0dSJ9','Faiz Syukri Arta','2025-03-14 08:31:27.222','2025-03-14 08:31:27.222'),('2fb8bda9-9132-48cf-a89b-7007ef2f3bdc','org_2mMu4iRQhXx0ZwMoWgcstnI0LTh','CREATE','269002ac-14ff-44c1-bd16-c6a23b346b2f','CARD','ssfsf','user_2mMtyq9xNamzjRKQzGccN2igZJ5','https://img.clerk.com/eyJ0eXBlIjoicHJveHkiLCJzcmMiOiJodHRwczovL2ltYWdlcy5jbGVyay5kZXYvdXBsb2FkZWQvaW1nXzJyNzl6NGJQcG9iUDlDdTlIejN4Z1JiYjN0dSJ9','Faiz Syukri Arta','2025-03-14 08:31:14.405','2025-03-14 08:31:14.405'),('312313bb-8c3c-4288-b27b-da069d3e77e8','org_2mMu4iRQhXx0ZwMoWgcstnI0LTh','CREATE','a3fb4f97-26ef-480c-80b6-477877811148','BOARD','tes','user_2mMtyq9xNamzjRKQzGccN2igZJ5','https://img.clerk.com/eyJ0eXBlIjoicHJveHkiLCJzcmMiOiJodHRwczovL2ltYWdlcy5jbGVyay5kZXYvdXBsb2FkZWQvaW1nXzJyNzl6NGJQcG9iUDlDdTlIejN4Z1JiYjN0dSJ9','Faiz Syukri Arta','2025-03-13 20:02:10.931','2025-03-13 20:02:10.931'),('328db5e6-f7f8-42b4-b753-22be312615e2','org_2mMu4iRQhXx0ZwMoWgcstnI0LTh','CREATE','a9e306cc-7272-4fb3-b4fc-b4481676582c','CARD','ssss','user_2mMtyq9xNamzjRKQzGccN2igZJ5','https://img.clerk.com/eyJ0eXBlIjoicHJveHkiLCJzcmMiOiJodHRwczovL2ltYWdlcy5jbGVyay5kZXYvdXBsb2FkZWQvaW1nXzJyNzl6NGJQcG9iUDlDdTlIejN4Z1JiYjN0dSJ9','Faiz Syukri Arta','2025-03-13 20:02:18.825','2025-03-13 20:02:18.825'),('381ee5c6-a499-4a56-b579-ff419906d8a2','org_2tCFNpcptjXH6XxAyd2u14NaPrb','CREATE','6360b978-7280-434f-a6a8-aaf4b71f12bc','CARD','Bimbingan','user_2tCFMAExRf9RDfDsevk7NkyzFh3','https://img.clerk.com/eyJ0eXBlIjoicHJveHkiLCJzcmMiOiJodHRwczovL2ltYWdlcy5jbGVyay5kZXYvb2F1dGhfZ29vZ2xlL2ltZ18ydENGTTVIWUdLdjByQmc3NkxRVFJxSlBCUmIifQ','PAKCEH GAMING','2025-03-19 11:28:15.266','2025-03-19 11:28:15.266'),('3960b67e-fbd6-43f3-ba38-adbfe458b0f5','org_2uGaYZiy7Zv7xPn2iVgZmMBDvuw','UPDATE','6e047675-7058-4df3-bafa-49f0f6e71d7c','CARD','Proposal Faiz Syukri Arta ','user_2uGi4lLqVZHDlB5zBdZPj39BRGl','https://img.clerk.com/eyJ0eXBlIjoiZGVmYXVsdCIsImlpZCI6Imluc18ybU10aE1BZjlUdjlqOURlQnFNMHg5cXVLTUciLCJyaWQiOiJ1c2VyXzJ1R2k0bExxVlpIRGxCNXpCZFpQajM5QlJHbCJ9','fikry','2025-03-13 16:22:47.042','2025-03-13 16:22:47.042'),('39b565b6-32b1-4253-b8b4-c20ffa5737c5','org_2uGaYZiy7Zv7xPn2iVgZmMBDvuw','UPDATE','c231ff93-41e9-439c-b3bc-666e34d30bc3','CARD','To Do','user_2uGi4lLqVZHDlB5zBdZPj39BRGl','https://img.clerk.com/eyJ0eXBlIjoiZGVmYXVsdCIsImlpZCI6Imluc18ybU10aE1BZjlUdjlqOURlQnFNMHg5cXVLTUciLCJyaWQiOiJ1c2VyXzJ1R2k0bExxVlpIRGxCNXpCZFpQajM5QlJHbCJ9','fikry','2025-03-13 15:56:05.819','2025-03-13 15:56:05.819'),('3f2ae5b3-1cf5-4851-b443-327e4ad4f050','org_2mMu4iRQhXx0ZwMoWgcstnI0LTh','CREATE','a60c6828-ac77-4c36-b280-fa75865f6215','BOARD','test5','user_2mMtyq9xNamzjRKQzGccN2igZJ5','https://img.clerk.com/eyJ0eXBlIjoicHJveHkiLCJzcmMiOiJodHRwczovL2ltYWdlcy5jbGVyay5kZXYvdXBsb2FkZWQvaW1nXzJyNzl6NGJQcG9iUDlDdTlIejN4Z1JiYjN0dSJ9','Faiz Syukri Arta','2025-03-13 19:45:51.250','2025-03-13 19:45:51.250'),('41f09257-a385-4c0e-9e99-d5b852c3b375','org_2qBnJXSEmgap5Mo3ikxs4JCOJGK','CREATE','b009d576-d616-4c39-bc07-4e1f48c2678d','MESSAGE','2 pesan','user_2phvIQrCwUAdanI99EzPItSjJ5u','https://img.clerk.com/eyJ0eXBlIjoicHJveHkiLCJzcmMiOiJodHRwczovL2ltYWdlcy5jbGVyay5kZXYvdXBsb2FkZWQvaW1nXzJwaHdNZ240N2pNcG0zTklGYWo3SWc4d1pRSiJ9','Bagas imam','2025-01-02 07:29:13.554','2025-01-02 07:29:13.554'),('42ee6cad-d450-4f58-9375-a6f53bfc574d','org_2uIVV3eSY9F1onQzBJZvl4qcTZA','CREATE','fbc69369-04b0-4ff2-a47e-ad9f10341432','LIST','Oke','user_2uF3DQnrquNdClZ3D7UdqkUSoEK','https://img.clerk.com/eyJ0eXBlIjoicHJveHkiLCJzcmMiOiJodHRwczovL2ltYWdlcy5jbGVyay5kZXYvb2F1dGhfZ29vZ2xlL2ltZ18ydUYzRFBidXdsNGxzUmUxUllPelpMbGhxMmgifQ','Muhammad Fadilah','2025-03-14 07:09:57.686','2025-03-14 07:09:57.686'),('43f55256-d2fb-4836-a562-79255ce2b623','org_2mMu4iRQhXx0ZwMoWgcstnI0LTh','CREATE','269002ac-14ff-44c1-bd16-c6a23b346b2f','MESSAGE','Hahahaha','user_2mMtyq9xNamzjRKQzGccN2igZJ5','https://img.clerk.com/eyJ0eXBlIjoicHJveHkiLCJzcmMiOiJodHRwczovL2ltYWdlcy5jbGVyay5kZXYvdXBsb2FkZWQvaW1nXzJyNzl6NGJQcG9iUDlDdTlIejN4Z1JiYjN0dSJ9','Faiz Syukri Arta','2025-03-14 12:33:17.233','2025-03-14 12:33:17.233'),('44470722-35a0-4129-a6f9-de4ac8a377ec','org_2tJGQUb8JQ5y8TrimVZrnbp6VQj','CREATE','0f184653-a8d5-4b0d-8114-0aa75ab5909c','CARD','Jangan malas ngoding','user_2mMtyq9xNamzjRKQzGccN2igZJ5','https://img.clerk.com/eyJ0eXBlIjoicHJveHkiLCJzcmMiOiJodHRwczovL2ltYWdlcy5jbGVyay5kZXYvdXBsb2FkZWQvaW1nXzJyNzl6NGJQcG9iUDlDdTlIejN4Z1JiYjN0dSJ9','Faiz Syukri Arta','2025-03-09 15:45:47.782','2025-03-09 15:45:47.782'),('44f5bfaa-6ffb-4c4f-862a-e041e3cc0444','org_2u6hdAmviIE3PHaFUTEPGiyIv30','CREATE','f90acc7a-a20e-4f4b-b3e1-88e52094b4b0','LIST','SEMHAS','user_2u6YMweHZJsj4uWTePLAdPOhQpr','https://img.clerk.com/eyJ0eXBlIjoicHJveHkiLCJzcmMiOiJodHRwczovL2ltYWdlcy5jbGVyay5kZXYvb2F1dGhfZ29vZ2xlL2ltZ18ydTZZTXd1MFdaanNFa1lRRTNiT1RaajM3SFYifQ','Langit Ketujuh7','2025-03-10 02:50:55.195','2025-03-10 02:50:55.195'),('45a8a2a8-d131-4964-b550-def90d36f439','org_2uIVV3eSY9F1onQzBJZvl4qcTZA','CREATE','c93de35c-24c2-4afa-b5a8-e688495855d7','LIST','Bbbbn','user_2uF3DQnrquNdClZ3D7UdqkUSoEK','https://img.clerk.com/eyJ0eXBlIjoicHJveHkiLCJzcmMiOiJodHRwczovL2ltYWdlcy5jbGVyay5kZXYvb2F1dGhfZ29vZ2xlL2ltZ18ydUYzRFBidXdsNGxzUmUxUllPelpMbGhxMmgifQ','Muhammad Fadilah','2025-03-14 07:10:26.829','2025-03-14 07:10:26.829'),('497bc553-4273-4ff9-8f2f-d04a736cb52f','org_2mMu4iRQhXx0ZwMoWgcstnI0LTh','DELETE','8e5c6b18-5ba4-4ff4-b99f-c62fbabbf7f9','BOARD','test6','user_2mMtyq9xNamzjRKQzGccN2igZJ5','https://img.clerk.com/eyJ0eXBlIjoicHJveHkiLCJzcmMiOiJodHRwczovL2ltYWdlcy5jbGVyay5kZXYvdXBsb2FkZWQvaW1nXzJyNzl6NGJQcG9iUDlDdTlIejN4Z1JiYjN0dSJ9','Faiz Syukri Arta','2025-03-13 19:46:32.943','2025-03-13 19:46:32.943'),('4a2bb7c1-c3e3-40d2-aa65-9ee76ccbfa22','org_2tJ4jx1wCUAb7JUT9RXmYeIj14l','CREATE','afcb953a-ae58-487d-9843-eba34c31c21d','MESSAGE','dadadao','user_2t9iWAfZRK7bK56gR9Hg6H1EFGC','https://img.clerk.com/eyJ0eXBlIjoicHJveHkiLCJzcmMiOiJodHRwczovL2ltYWdlcy5jbGVyay5kZXYvb2F1dGhfZ29vZ2xlL2ltZ18ydDlpVzdhTXl1Qmc0MjJHUDdOOGFQOTc3aWQifQ','boardify null','2025-03-06 17:01:13.345','2025-03-06 17:01:13.345'),('4ecd003b-6e10-431e-9827-4413becc2b58','org_2uGaYZiy7Zv7xPn2iVgZmMBDvuw','UPDATE','bd535632-576c-4e88-a56e-313f01a18e3b','CARD','Akan Seminar Proposal','user_2uGi4lLqVZHDlB5zBdZPj39BRGl','https://img.clerk.com/eyJ0eXBlIjoiZGVmYXVsdCIsImlpZCI6Imluc18ybU10aE1BZjlUdjlqOURlQnFNMHg5cXVLTUciLCJyaWQiOiJ1c2VyXzJ1R2k0bExxVlpIRGxCNXpCZFpQajM5QlJHbCJ9','fikry','2025-03-13 16:02:02.231','2025-03-13 16:02:02.231'),('50364e45-f332-4869-8af2-97fc3e6b236a','org_2mNEjfkib7dyRsxEVt5r9qRa7bm','CREATE','ffbd96b8-666e-4fce-8d23-40ed5b6a6637','CARD','BAB II','user_2mNEiJ8PZq0v82suFam7bt8d8wD','https://img.clerk.com/eyJ0eXBlIjoicHJveHkiLCJzcmMiOiJodHRwczovL2ltYWdlcy5jbGVyay5kZXYvb2F1dGhfZ29vZ2xlL2ltZ18ybU5FaUpHdzNJV0FaZFNTU3c2dUMxcTF2bGEifQ','Wirda Syahrifa null','2025-03-10 01:23:29.805','2025-03-10 01:23:29.805'),('5107a1e0-a35f-4018-9666-71b913b411d5','org_2mMu4iRQhXx0ZwMoWgcstnI0LTh','CREATE','332748d9-83ec-4a0f-b5e5-3eb1e2a0db7b','LIST','tes','user_2mMtyq9xNamzjRKQzGccN2igZJ5','https://img.clerk.com/eyJ0eXBlIjoicHJveHkiLCJzcmMiOiJodHRwczovL2ltYWdlcy5jbGVyay5kZXYvdXBsb2FkZWQvaW1nXzJyNzl6NGJQcG9iUDlDdTlIejN4Z1JiYjN0dSJ9','Faiz Syukri Arta','2025-03-14 07:51:18.026','2025-03-14 07:51:18.026'),('53c46212-b045-44b0-9e17-8b38e30e5ea0','org_2mMu4iRQhXx0ZwMoWgcstnI0LTh','CREATE','e9a07a61-7767-4218-adad-d8760be75af0','BOARD','test3','user_2mMtyq9xNamzjRKQzGccN2igZJ5','https://img.clerk.com/eyJ0eXBlIjoicHJveHkiLCJzcmMiOiJodHRwczovL2ltYWdlcy5jbGVyay5kZXYvdXBsb2FkZWQvaW1nXzJyNzl6NGJQcG9iUDlDdTlIejN4Z1JiYjN0dSJ9','Faiz Syukri Arta','2025-03-13 19:45:27.395','2025-03-13 19:45:27.395'),('55f345b6-cb9d-4cae-8fb1-e8dd4af1c0a5','org_2uGaYZiy7Zv7xPn2iVgZmMBDvuw','CREATE','9d5217d0-4eb5-4f80-96c0-c1fd383f51d4','LIST','Complete','user_2uGi4lLqVZHDlB5zBdZPj39BRGl','https://img.clerk.com/eyJ0eXBlIjoiZGVmYXVsdCIsImlpZCI6Imluc18ybU10aE1BZjlUdjlqOURlQnFNMHg5cXVLTUciLCJyaWQiOiJ1c2VyXzJ1R2k0bExxVlpIRGxCNXpCZFpQajM5QlJHbCJ9','fikry','2025-03-13 15:56:20.010','2025-03-13 15:56:20.010'),('5b26fc3a-5e25-4a10-aa77-da732d4f9775','org_2mMu4iRQhXx0ZwMoWgcstnI0LTh','CREATE','a9e306cc-7272-4fb3-b4fc-b4481676582c','MESSAGE','sdwd','user_2mMtyq9xNamzjRKQzGccN2igZJ5','https://img.clerk.com/eyJ0eXBlIjoicHJveHkiLCJzcmMiOiJodHRwczovL2ltYWdlcy5jbGVyay5kZXYvdXBsb2FkZWQvaW1nXzJyNzl6NGJQcG9iUDlDdTlIejN4Z1JiYjN0dSJ9','Faiz Syukri Arta','2025-03-13 20:02:24.627','2025-03-13 20:02:24.627'),('5bd2b67a-6b34-4c3b-a719-ee81f286ac95','org_2uIVV3eSY9F1onQzBJZvl4qcTZA','DELETE','9c739f23-bd32-457a-8fca-e24db6486063','BOARD','Sunrise','user_2uF3DQnrquNdClZ3D7UdqkUSoEK','https://img.clerk.com/eyJ0eXBlIjoicHJveHkiLCJzcmMiOiJodHRwczovL2ltYWdlcy5jbGVyay5kZXYvb2F1dGhfZ29vZ2xlL2ltZ18ydUYzRFBidXdsNGxzUmUxUllPelpMbGhxMmgifQ','Muhammad Fadilah','2025-03-14 07:10:37.970','2025-03-14 07:10:37.970'),('5c0e8b14-b2f5-43ef-9025-0ffbba96cee0','org_2tJ4jx1wCUAb7JUT9RXmYeIj14l','CREATE','afcb953a-ae58-487d-9843-eba34c31c21d','MESSAGE','iyakah','user_2t9iWAfZRK7bK56gR9Hg6H1EFGC','https://img.clerk.com/eyJ0eXBlIjoicHJveHkiLCJzcmMiOiJodHRwczovL2ltYWdlcy5jbGVyay5kZXYvb2F1dGhfZ29vZ2xlL2ltZ18ydDlpVzdhTXl1Qmc0MjJHUDdOOGFQOTc3aWQifQ','boardify null','2025-03-06 18:11:07.712','2025-03-06 18:11:07.712'),('5e5de119-5b64-4fdb-add6-d40c7c88941c','org_2tCFNpcptjXH6XxAyd2u14NaPrb','CREATE','86303042-d65b-474c-954a-2fd4f57121d7','CARD','Bimbingan - Copy','user_2tCFMAExRf9RDfDsevk7NkyzFh3','https://img.clerk.com/eyJ0eXBlIjoicHJveHkiLCJzcmMiOiJodHRwczovL2ltYWdlcy5jbGVyay5kZXYvb2F1dGhfZ29vZ2xlL2ltZ18ydENGTTVIWUdLdjByQmc3NkxRVFJxSlBCUmIifQ','PAKCEH GAMING','2025-03-19 11:28:33.724','2025-03-19 11:28:33.724'),('5e8eca9f-bfbf-4a40-a435-706969e6b1bd','org_2mMu4iRQhXx0ZwMoWgcstnI0LTh','CREATE','7ca8c011-8d0e-4d5a-a263-7d048e7eb02a','CARD','Tess','user_2mMtyq9xNamzjRKQzGccN2igZJ5','https://img.clerk.com/eyJ0eXBlIjoicHJveHkiLCJzcmMiOiJodHRwczovL2ltYWdlcy5jbGVyay5kZXYvdXBsb2FkZWQvaW1nXzJyNzl6NGJQcG9iUDlDdTlIejN4Z1JiYjN0dSJ9','Faiz Syukri Arta','2025-03-09 09:15:33.278','2025-03-09 09:15:33.278'),('61624032-cb90-4a2d-963f-c56dfce4be51','org_2mMu4iRQhXx0ZwMoWgcstnI0LTh','CREATE','a9e306cc-7272-4fb3-b4fc-b4481676582c','MESSAGE','dgfg','user_2mMtyq9xNamzjRKQzGccN2igZJ5','https://img.clerk.com/eyJ0eXBlIjoicHJveHkiLCJzcmMiOiJodHRwczovL2ltYWdlcy5jbGVyay5kZXYvdXBsb2FkZWQvaW1nXzJyNzl6NGJQcG9iUDlDdTlIejN4Z1JiYjN0dSJ9','Faiz Syukri Arta','2025-03-13 20:12:03.071','2025-03-13 20:12:03.071'),('66046f25-1c4e-4bbe-9798-c7aa7b6739a7','org_2tJ4jx1wCUAb7JUT9RXmYeIj14l','CREATE','afcb953a-ae58-487d-9843-eba34c31c21d','MESSAGE','Apakah','user_2qBnHH1IPa8mHVX6uRp414B74dD','https://img.clerk.com/eyJ0eXBlIjoicHJveHkiLCJzcmMiOiJodHRwczovL2ltYWdlcy5jbGVyay5kZXYvb2F1dGhfZ29vZ2xlL2ltZ18ycUJuSE1iMXNRQnVTTTI3eDdDUzlWQkNJQVAifQ','bagas wijaksono','2025-03-06 15:48:12.663','2025-03-06 15:48:12.663'),('66b4d3b2-bdda-4ad3-bc8b-82ca3a6e7f8a','org_2uGaYZiy7Zv7xPn2iVgZmMBDvuw','CREATE','a518cfdc-8c66-4672-b931-dc1f8d45554c','MESSAGE','Pesan dari member','user_2uGm8WZwzPz8hH0Bwv8kBKq2IVl','https://img.clerk.com/eyJ0eXBlIjoiZGVmYXVsdCIsImlpZCI6Imluc18ybU10aE1BZjlUdjlqOURlQnFNMHg5cXVLTUciLCJyaWQiOiJ1c2VyXzJ1R204V1p3elB6OGhIMEJ3djhrQktxMklWbCJ9','muhfikry','2025-03-14 07:53:58.955','2025-03-14 07:53:58.955'),('67653fca-6212-42e1-8a31-6377af0c5362','org_2tJ4jx1wCUAb7JUT9RXmYeIj14l','CREATE','afcb953a-ae58-487d-9843-eba34c31c21d','MESSAGE','Iya bang','user_2qBnHH1IPa8mHVX6uRp414B74dD','https://img.clerk.com/eyJ0eXBlIjoicHJveHkiLCJzcmMiOiJodHRwczovL2ltYWdlcy5jbGVyay5kZXYvb2F1dGhfZ29vZ2xlL2ltZ18ycUJuSE1iMXNRQnVTTTI3eDdDUzlWQkNJQVAifQ','bagas wijaksono','2025-03-06 15:33:20.838','2025-03-06 15:33:20.838'),('68c188c8-f4df-477c-9907-4dcc5cfeb9f4','org_2mMu4iRQhXx0ZwMoWgcstnI0LTh','CREATE','3b27efae-f6ce-4a65-bfb0-eb3d3dc5e8e3','BOARD','tes2','user_2mMtyq9xNamzjRKQzGccN2igZJ5','https://img.clerk.com/eyJ0eXBlIjoicHJveHkiLCJzcmMiOiJodHRwczovL2ltYWdlcy5jbGVyay5kZXYvdXBsb2FkZWQvaW1nXzJyNzl6NGJQcG9iUDlDdTlIejN4Z1JiYjN0dSJ9','Faiz Syukri Arta','2025-03-13 19:45:09.956','2025-03-13 19:45:09.956'),('69320644-beef-4fec-8783-4e066e1a782f','org_2uGaYZiy7Zv7xPn2iVgZmMBDvuw','CREATE','a518cfdc-8c66-4672-b931-dc1f8d45554c','MESSAGE','baik pak','user_2mMtyq9xNamzjRKQzGccN2igZJ5','https://img.clerk.com/eyJ0eXBlIjoicHJveHkiLCJzcmMiOiJodHRwczovL2ltYWdlcy5jbGVyay5kZXYvdXBsb2FkZWQvaW1nXzJyNzl6NGJQcG9iUDlDdTlIejN4Z1JiYjN0dSJ9','Faiz Syukri Arta','2025-03-14 07:54:16.978','2025-03-14 07:54:16.978'),('6b7010ec-efd9-4c84-a7cb-5fb991069168','org_2tJ4jx1wCUAb7JUT9RXmYeIj14l','CREATE','afcb953a-ae58-487d-9843-eba34c31c21d','MESSAGE','sekarang gimana','user_2qBnHH1IPa8mHVX6uRp414B74dD','https://img.clerk.com/eyJ0eXBlIjoicHJveHkiLCJzcmMiOiJodHRwczovL2ltYWdlcy5jbGVyay5kZXYvb2F1dGhfZ29vZ2xlL2ltZ18ycUJuSE1iMXNRQnVTTTI3eDdDUzlWQkNJQVAifQ','bagas wijaksono','2025-03-06 15:35:15.561','2025-03-06 15:35:15.561'),('6bd5f6e5-1ae4-4134-b082-c9bd8816e523','org_2uGaYZiy7Zv7xPn2iVgZmMBDvuw','UPDATE','a2fe45b8-70b2-4b36-9369-934258e842d0','CARD','Skripsi Faiz','user_2uGi4lLqVZHDlB5zBdZPj39BRGl','https://img.clerk.com/eyJ0eXBlIjoiZGVmYXVsdCIsImlpZCI6Imluc18ybU10aE1BZjlUdjlqOURlQnFNMHg5cXVLTUciLCJyaWQiOiJ1c2VyXzJ1R2k0bExxVlpIRGxCNXpCZFpQajM5QlJHbCJ9','fikry','2025-03-13 16:02:50.298','2025-03-13 16:02:50.298'),('6c006fd1-872b-405b-8550-cd0b361e5624','org_2tJ4jx1wCUAb7JUT9RXmYeIj14l','CREATE','afcb953a-ae58-487d-9843-eba34c31c21d','MESSAGE','Hayii','user_2phvIQrCwUAdanI99EzPItSjJ5u','https://img.clerk.com/eyJ0eXBlIjoicHJveHkiLCJzcmMiOiJodHRwczovL2ltYWdlcy5jbGVyay5kZXYvdXBsb2FkZWQvaW1nXzJwaHdNZ240N2pNcG0zTklGYWo3SWc4d1pRSiJ9','Bagas imam','2025-03-06 16:25:03.802','2025-03-06 16:25:03.802'),('6f6defcf-ef66-4f30-b02c-17f33623cb3a','org_2qBnJXSEmgap5Mo3ikxs4JCOJGK','CREATE','b009d576-d616-4c39-bc07-4e1f48c2678d','MESSAGE','Berat ini','user_2phvIQrCwUAdanI99EzPItSjJ5u','https://img.clerk.com/eyJ0eXBlIjoicHJveHkiLCJzcmMiOiJodHRwczovL2ltYWdlcy5jbGVyay5kZXYvdXBsb2FkZWQvaW1nXzJwaHdNZ240N2pNcG0zTklGYWo3SWc4d1pRSiJ9','Bagas imam','2025-01-02 00:44:46.976','2025-01-02 00:44:46.976'),('73d4cf2c-817d-4ff1-8af8-4129490cc97b','org_2mMu4iRQhXx0ZwMoWgcstnI0LTh','CREATE','d0989875-59f2-4af2-8b3d-97a9e65ae94c','LIST','Bimbingan pertama ','user_2mMtyq9xNamzjRKQzGccN2igZJ5','https://img.clerk.com/eyJ0eXBlIjoicHJveHkiLCJzcmMiOiJodHRwczovL2ltYWdlcy5jbGVyay5kZXYvdXBsb2FkZWQvaW1nXzJyNzl6NGJQcG9iUDlDdTlIejN4Z1JiYjN0dSJ9','Faiz Syukri Arta','2025-03-09 09:15:28.931','2025-03-09 09:15:28.931'),('767f6ee7-ffce-4345-8029-bf76f67a1218','org_2qBnJXSEmgap5Mo3ikxs4JCOJGK','CREATE','b009d576-d616-4c39-bc07-4e1f48c2678d','CARD','Lakukan','user_2qBnHH1IPa8mHVX6uRp414B74dD','https://img.clerk.com/eyJ0eXBlIjoicHJveHkiLCJzcmMiOiJodHRwczovL2ltYWdlcy5jbGVyay5kZXYvb2F1dGhfZ29vZ2xlL2ltZ18ycUJuSE1iMXNRQnVTTTI3eDdDUzlWQkNJQVAifQ','bagas wijaksono','2025-01-01 23:52:16.694','2025-01-01 23:52:16.694'),('78a95dbb-81aa-4bc6-8d37-f04d17ef046f','org_2tJ4jx1wCUAb7JUT9RXmYeIj14l','CREATE','539b2341-a28e-4f1b-a05f-de341071e7a0','LIST','Mantap kah ws nya','user_2phvIQrCwUAdanI99EzPItSjJ5u','https://img.clerk.com/eyJ0eXBlIjoicHJveHkiLCJzcmMiOiJodHRwczovL2ltYWdlcy5jbGVyay5kZXYvdXBsb2FkZWQvaW1nXzJwaHdNZ240N2pNcG0zTklGYWo3SWc4d1pRSiJ9','Bagas imam','2025-03-06 15:32:23.287','2025-03-06 15:32:23.287'),('78afa8db-7083-49e8-869c-ca85004e03b5','org_2qBnJXSEmgap5Mo3ikxs4JCOJGK','UPDATE','b009d576-d616-4c39-bc07-4e1f48c2678d','MESSAGE','Iya begitu diubah','user_2phvIQrCwUAdanI99EzPItSjJ5u','https://img.clerk.com/eyJ0eXBlIjoicHJveHkiLCJzcmMiOiJodHRwczovL2ltYWdlcy5jbGVyay5kZXYvdXBsb2FkZWQvaW1nXzJwaHdNZ240N2pNcG0zTklGYWo3SWc4d1pRSiJ9','Bagas imam','2025-01-02 07:25:09.484','2025-01-02 07:25:09.484'),('7960d203-157e-4cc5-897e-dbaa609957e7','org_2tJGQUb8JQ5y8TrimVZrnbp6VQj','CREATE','41bdc9c5-5fbe-470d-a2cc-c2d6be677475','BOARD','Bimbingan ','user_2mMtyq9xNamzjRKQzGccN2igZJ5','https://img.clerk.com/eyJ0eXBlIjoicHJveHkiLCJzcmMiOiJodHRwczovL2ltYWdlcy5jbGVyay5kZXYvdXBsb2FkZWQvaW1nXzJyNzl6NGJQcG9iUDlDdTlIejN4Z1JiYjN0dSJ9','Faiz Syukri Arta','2025-03-09 15:45:29.580','2025-03-09 15:45:29.580'),('7a14fb72-9a85-4bf9-bb5a-8013985077c5','org_2mMu4iRQhXx0ZwMoWgcstnI0LTh','CREATE','a9e306cc-7272-4fb3-b4fc-b4481676582c','MESSAGE','okkkk','user_2mMuDB8sShERbTvDUixSNkGAKxI','https://img.clerk.com/eyJ0eXBlIjoicHJveHkiLCJzcmMiOiJodHRwczovL2ltYWdlcy5jbGVyay5kZXYvb2F1dGhfZ29vZ2xlL2ltZ18ybU11RDRVdHlzVE1IV041WnBHTDNBT1VIdGcifQ','Faiz Arta','2025-03-13 20:11:47.829','2025-03-13 20:11:47.829'),('7a7b5d14-f697-4a70-9007-991078c160b2','org_2tJGQUb8JQ5y8TrimVZrnbp6VQj','CREATE','221113af-3ab4-4c29-a6c0-baf010a54463','LIST','Ayo Skripsian','user_2mMtyq9xNamzjRKQzGccN2igZJ5','https://img.clerk.com/eyJ0eXBlIjoicHJveHkiLCJzcmMiOiJodHRwczovL2ltYWdlcy5jbGVyay5kZXYvdXBsb2FkZWQvaW1nXzJyNzl6NGJQcG9iUDlDdTlIejN4Z1JiYjN0dSJ9','Faiz Syukri Arta','2025-03-09 15:45:40.326','2025-03-09 15:45:40.326'),('7a9d4c19-f96d-4fca-81ae-40a606981fe2','org_2mMu4iRQhXx0ZwMoWgcstnI0LTh','DELETE','481e4d43-377a-444c-b695-6f2c9c02682a','CARD','tes','user_2mMtyq9xNamzjRKQzGccN2igZJ5','https://img.clerk.com/eyJ0eXBlIjoicHJveHkiLCJzcmMiOiJodHRwczovL2ltYWdlcy5jbGVyay5kZXYvdXBsb2FkZWQvaW1nXzJyNzl6NGJQcG9iUDlDdTlIejN4Z1JiYjN0dSJ9','Faiz Syukri Arta','2025-03-14 08:29:46.851','2025-03-14 08:29:46.851'),('7c733aaa-97e0-4bec-b6d3-cf3b7e721b57','org_2uGaYZiy7Zv7xPn2iVgZmMBDvuw','CREATE','a518cfdc-8c66-4672-b931-dc1f8d45554c','MESSAGE','Pesan dari smartphone','user_2uGi4lLqVZHDlB5zBdZPj39BRGl','https://img.clerk.com/eyJ0eXBlIjoiZGVmYXVsdCIsImlpZCI6Imluc18ybU10aE1BZjlUdjlqOURlQnFNMHg5cXVLTUciLCJyaWQiOiJ1c2VyXzJ1R2k0bExxVlpIRGxCNXpCZFpQajM5QlJHbCJ9','fikry','2025-03-14 15:24:04.274','2025-03-14 15:24:04.274'),('7d89dd5b-0479-4fde-ace1-0ce761fa1b09','org_2tJ4jx1wCUAb7JUT9RXmYeIj14l','CREATE','afcb953a-ae58-487d-9843-eba34c31c21d','MESSAGE','update','user_2phvIQrCwUAdanI99EzPItSjJ5u','https://img.clerk.com/eyJ0eXBlIjoicHJveHkiLCJzcmMiOiJodHRwczovL2ltYWdlcy5jbGVyay5kZXYvdXBsb2FkZWQvaW1nXzJwaHdNZ240N2pNcG0zTklGYWo3SWc4d1pRSiJ9','Bagas imam','2025-03-06 15:48:47.916','2025-03-06 15:48:47.916'),('7f24a892-37e3-4a09-a11d-5eb36276fa5e','org_2uGaYZiy7Zv7xPn2iVgZmMBDvuw','CREATE','518e3f43-151d-47a1-836e-3b95b7a72ff9','LIST','Complete','user_2uGi4lLqVZHDlB5zBdZPj39BRGl','https://img.clerk.com/eyJ0eXBlIjoiZGVmYXVsdCIsImlpZCI6Imluc18ybU10aE1BZjlUdjlqOURlQnFNMHg5cXVLTUciLCJyaWQiOiJ1c2VyXzJ1R2k0bExxVlpIRGxCNXpCZFpQajM5QlJHbCJ9','fikry','2025-03-13 16:02:27.341','2025-03-13 16:02:27.341'),('7f5a927b-a3ed-4482-8a37-4cdfbd052d9e','org_2uGaYZiy7Zv7xPn2iVgZmMBDvuw','CREATE','a518cfdc-8c66-4672-b931-dc1f8d45554c','MESSAGE','test lagi dari member','user_2uGm8WZwzPz8hH0Bwv8kBKq2IVl','https://img.clerk.com/eyJ0eXBlIjoiZGVmYXVsdCIsImlpZCI6Imluc18ybU10aE1BZjlUdjlqOURlQnFNMHg5cXVLTUciLCJyaWQiOiJ1c2VyXzJ1R204V1p3elB6OGhIMEJ3djhrQktxMklWbCJ9','muhfikry','2025-03-14 07:56:34.364','2025-03-14 07:56:34.364'),('80efcac6-d835-4c18-8c15-3e06d0ab612e','org_2mMu4iRQhXx0ZwMoWgcstnI0LTh','CREATE','73073381-274c-4b60-9a25-9cb63d4d74f9','BOARD','Tes','user_2mMtyq9xNamzjRKQzGccN2igZJ5','https://img.clerk.com/eyJ0eXBlIjoicHJveHkiLCJzcmMiOiJodHRwczovL2ltYWdlcy5jbGVyay5kZXYvdXBsb2FkZWQvaW1nXzJyNzl6NGJQcG9iUDlDdTlIejN4Z1JiYjN0dSJ9','Faiz Syukri Arta','2025-03-09 09:15:21.125','2025-03-09 09:15:21.125'),('845583de-adfc-481b-b767-f32bb11275b7','org_2uGaYZiy7Zv7xPn2iVgZmMBDvuw','UPDATE','a518cfdc-8c66-4672-b931-dc1f8d45554c','CARD','Skripsi Faiz Syukri Arta','user_2uGi4lLqVZHDlB5zBdZPj39BRGl','https://img.clerk.com/eyJ0eXBlIjoiZGVmYXVsdCIsImlpZCI6Imluc18ybU10aE1BZjlUdjlqOURlQnFNMHg5cXVLTUciLCJyaWQiOiJ1c2VyXzJ1R2k0bExxVlpIRGxCNXpCZFpQajM5QlJHbCJ9','fikry','2025-03-13 16:37:50.178','2025-03-13 16:37:50.178'),('87944138-9ac7-4c28-9c96-8b28bdef429b','org_2tCFNpcptjXH6XxAyd2u14NaPrb','CREATE','de9332e8-0765-4066-ade6-fe1a87cafb6f','LIST','Yess','user_2tCFMAExRf9RDfDsevk7NkyzFh3','https://img.clerk.com/eyJ0eXBlIjoicHJveHkiLCJzcmMiOiJodHRwczovL2ltYWdlcy5jbGVyay5kZXYvb2F1dGhfZ29vZ2xlL2ltZ18ydENGTTVIWUdLdjByQmc3NkxRVFJxSlBCUmIifQ','PAKCEH GAMING','2025-03-08 06:36:32.493','2025-03-08 06:36:32.493'),('899502db-7fc0-404c-a0fb-e3c4575b5ca3','org_2mMu4iRQhXx0ZwMoWgcstnI0LTh','CREATE','269002ac-14ff-44c1-bd16-c6a23b346b2f','MESSAGE','Tessss','user_2t9iWAfZRK7bK56gR9Hg6H1EFGC','https://img.clerk.com/eyJ0eXBlIjoicHJveHkiLCJzcmMiOiJodHRwczovL2ltYWdlcy5jbGVyay5kZXYvb2F1dGhfZ29vZ2xlL2ltZ18ydDlpVzdhTXl1Qmc0MjJHUDdOOGFQOTc3aWQifQ','boardify null','2025-03-14 12:31:51.726','2025-03-14 12:31:51.726'),('89aede4a-6acf-4915-afb2-70c817b81e9a','org_2tJ4jx1wCUAb7JUT9RXmYeIj14l','CREATE','afcb953a-ae58-487d-9843-eba34c31c21d','MESSAGE','iya','user_2t9iWAfZRK7bK56gR9Hg6H1EFGC','https://img.clerk.com/eyJ0eXBlIjoicHJveHkiLCJzcmMiOiJodHRwczovL2ltYWdlcy5jbGVyay5kZXYvb2F1dGhfZ29vZ2xlL2ltZ18ydDlpVzdhTXl1Qmc0MjJHUDdOOGFQOTc3aWQifQ','boardify null','2025-03-06 18:11:25.926','2025-03-06 18:11:25.926'),('8ba3c0d5-e5b7-47cf-b907-625fffb1ff21','org_2tCFNpcptjXH6XxAyd2u14NaPrb','CREATE','6360b978-7280-434f-a6a8-aaf4b71f12bc','MESSAGE','Tes','user_2tCFMAExRf9RDfDsevk7NkyzFh3','https://img.clerk.com/eyJ0eXBlIjoicHJveHkiLCJzcmMiOiJodHRwczovL2ltYWdlcy5jbGVyay5kZXYvb2F1dGhfZ29vZ2xlL2ltZ18ydENGTTVIWUdLdjByQmc3NkxRVFJxSlBCUmIifQ','PAKCEH GAMING','2025-03-19 11:28:23.785','2025-03-19 11:28:23.785'),('8fd235ff-491a-40dd-bf19-ecfc40a4339e','org_2mNEjfkib7dyRsxEVt5r9qRa7bm','CREATE','88b4707f-5472-4475-9626-e92d0de5271b','BOARD','SKRIPSI','user_2mNEiJ8PZq0v82suFam7bt8d8wD','https://img.clerk.com/eyJ0eXBlIjoicHJveHkiLCJzcmMiOiJodHRwczovL2ltYWdlcy5jbGVyay5kZXYvb2F1dGhfZ29vZ2xlL2ltZ18ybU5FaUpHdzNJV0FaZFNTU3c2dUMxcTF2bGEifQ','Wirda Syahrifa null','2025-03-10 01:13:06.924','2025-03-10 01:13:06.924'),('93640505-7ede-4f24-916f-1908f5097bcc','org_2mMu4iRQhXx0ZwMoWgcstnI0LTh','DELETE','d0989875-59f2-4af2-8b3d-97a9e65ae94c','LIST','Bimbingan pertama ','user_2mMtyq9xNamzjRKQzGccN2igZJ5','https://img.clerk.com/eyJ0eXBlIjoicHJveHkiLCJzcmMiOiJodHRwczovL2ltYWdlcy5jbGVyay5kZXYvdXBsb2FkZWQvaW1nXzJyNzl6NGJQcG9iUDlDdTlIejN4Z1JiYjN0dSJ9','Faiz Syukri Arta','2025-03-10 08:05:33.750','2025-03-10 08:05:33.750'),('94c2e7e4-05c1-4a6d-8f88-3517742f0733','org_2tJ4jx1wCUAb7JUT9RXmYeIj14l','CREATE','afcb953a-ae58-487d-9843-eba34c31c21d','MESSAGE','Oy','user_2t9iWAfZRK7bK56gR9Hg6H1EFGC','https://img.clerk.com/eyJ0eXBlIjoicHJveHkiLCJzcmMiOiJodHRwczovL2ltYWdlcy5jbGVyay5kZXYvb2F1dGhfZ29vZ2xlL2ltZ18ydDlpVzdhTXl1Qmc0MjJHUDdOOGFQOTc3aWQifQ','boardify null','2025-03-06 16:47:18.486','2025-03-06 16:47:18.486'),('976fa03f-3eb3-4c46-a854-f1764ef7ee71','org_2qBnJXSEmgap5Mo3ikxs4JCOJGK','CREATE','b009d576-d616-4c39-bc07-4e1f48c2678d','MESSAGE','2 pesan','user_2qBnHH1IPa8mHVX6uRp414B74dD','https://img.clerk.com/eyJ0eXBlIjoicHJveHkiLCJzcmMiOiJodHRwczovL2ltYWdlcy5jbGVyay5kZXYvb2F1dGhfZ29vZ2xlL2ltZ18ycUJuSE1iMXNRQnVTTTI3eDdDUzlWQkNJQVAifQ','bagas wijaksono','2025-01-02 07:29:35.972','2025-01-02 07:29:35.972'),('982fdb5d-9adb-4af1-a2a3-6d3cc49f0144','org_2tJ4jx1wCUAb7JUT9RXmYeIj14l','CREATE','afcb953a-ae58-487d-9843-eba34c31c21d','MESSAGE','hkhjgbhj','user_2qBnHH1IPa8mHVX6uRp414B74dD','https://img.clerk.com/eyJ0eXBlIjoicHJveHkiLCJzcmMiOiJodHRwczovL2ltYWdlcy5jbGVyay5kZXYvb2F1dGhfZ29vZ2xlL2ltZ18ycUJuSE1iMXNRQnVTTTI3eDdDUzlWQkNJQVAifQ','bagas wijaksono','2025-03-07 13:10:28.326','2025-03-07 13:10:28.326'),('984c1711-e0ca-47f0-a189-b4b691b590fe','org_2mMu4iRQhXx0ZwMoWgcstnI0LTh','DELETE','73073381-274c-4b60-9a25-9cb63d4d74f9','BOARD','Tes','user_2mMtyq9xNamzjRKQzGccN2igZJ5','https://img.clerk.com/eyJ0eXBlIjoicHJveHkiLCJzcmMiOiJodHRwczovL2ltYWdlcy5jbGVyay5kZXYvdXBsb2FkZWQvaW1nXzJyNzl6NGJQcG9iUDlDdTlIejN4Z1JiYjN0dSJ9','Faiz Syukri Arta','2025-03-10 08:05:50.188','2025-03-10 08:05:50.188'),('98eb6283-3a80-4f3a-a05a-c4fe5a74be20','org_2tJGQUb8JQ5y8TrimVZrnbp6VQj','CREATE','0f184653-a8d5-4b0d-8114-0aa75ab5909c','MESSAGE','Pap ma','user_2mMtyq9xNamzjRKQzGccN2igZJ5','https://img.clerk.com/eyJ0eXBlIjoicHJveHkiLCJzcmMiOiJodHRwczovL2ltYWdlcy5jbGVyay5kZXYvdXBsb2FkZWQvaW1nXzJyNzl6NGJQcG9iUDlDdTlIejN4Z1JiYjN0dSJ9','Faiz Syukri Arta','2025-03-09 15:45:54.658','2025-03-09 15:45:54.658'),('a113fc7c-a98a-461f-a42c-6986d0e83ff1','org_2mMu4iRQhXx0ZwMoWgcstnI0LTh','DELETE','3b27efae-f6ce-4a65-bfb0-eb3d3dc5e8e3','BOARD','tes2','user_2mMtyq9xNamzjRKQzGccN2igZJ5','https://img.clerk.com/eyJ0eXBlIjoicHJveHkiLCJzcmMiOiJodHRwczovL2ltYWdlcy5jbGVyay5kZXYvdXBsb2FkZWQvaW1nXzJyNzl6NGJQcG9iUDlDdTlIejN4Z1JiYjN0dSJ9','Faiz Syukri Arta','2025-03-13 19:46:39.667','2025-03-13 19:46:39.667'),('a3d5ec49-80ff-4b67-b2b6-d1b467ef6fa0','org_2uGaYZiy7Zv7xPn2iVgZmMBDvuw','CREATE','a518cfdc-8c66-4672-b931-dc1f8d45554c','MESSAGE','Bagaimana progress skripsinya ?','user_2uGi4lLqVZHDlB5zBdZPj39BRGl','https://img.clerk.com/eyJ0eXBlIjoiZGVmYXVsdCIsImlpZCI6Imluc18ybU10aE1BZjlUdjlqOURlQnFNMHg5cXVLTUciLCJyaWQiOiJ1c2VyXzJ1R2k0bExxVlpIRGxCNXpCZFpQajM5QlJHbCJ9','fikry','2025-03-13 16:41:23.915','2025-03-13 16:41:23.915'),('a4c2c984-b2d0-4c62-943b-c4cd30389b10','org_2mMu4iRQhXx0ZwMoWgcstnI0LTh','DELETE','e9a07a61-7767-4218-adad-d8760be75af0','BOARD','test3','user_2mMtyq9xNamzjRKQzGccN2igZJ5','https://img.clerk.com/eyJ0eXBlIjoicHJveHkiLCJzcmMiOiJodHRwczovL2ltYWdlcy5jbGVyay5kZXYvdXBsb2FkZWQvaW1nXzJyNzl6NGJQcG9iUDlDdTlIejN4Z1JiYjN0dSJ9','Faiz Syukri Arta','2025-03-13 19:46:48.077','2025-03-13 19:46:48.077'),('a6d2ea58-370c-4e33-9abe-4b0c6b870781','org_2mMu4iRQhXx0ZwMoWgcstnI0LTh','DELETE','f8c99216-88da-4b00-8b68-c57a6ef82d2a','BOARD','tes1','user_2mMtyq9xNamzjRKQzGccN2igZJ5','https://img.clerk.com/eyJ0eXBlIjoicHJveHkiLCJzcmMiOiJodHRwczovL2ltYWdlcy5jbGVyay5kZXYvdXBsb2FkZWQvaW1nXzJyNzl6NGJQcG9iUDlDdTlIejN4Z1JiYjN0dSJ9','Faiz Syukri Arta','2025-03-13 19:46:42.279','2025-03-13 19:46:42.279'),('a7697775-0815-4a7f-9737-8c45a6a8a611','org_2uGaYZiy7Zv7xPn2iVgZmMBDvuw','UPDATE','9d5217d0-4eb5-4f80-96c0-c1fd383f51d4','CARD','Akan Seminar Hasil','user_2uGi4lLqVZHDlB5zBdZPj39BRGl','https://img.clerk.com/eyJ0eXBlIjoiZGVmYXVsdCIsImlpZCI6Imluc18ybU10aE1BZjlUdjlqOURlQnFNMHg5cXVLTUciLCJyaWQiOiJ1c2VyXzJ1R2k0bExxVlpIRGxCNXpCZFpQajM5QlJHbCJ9','fikry','2025-03-13 16:02:08.521','2025-03-13 16:02:08.521'),('adf92aa6-72ab-4e71-ab6f-e4b1d721bd83','org_2tJ4jx1wCUAb7JUT9RXmYeIj14l','CREATE','afcb953a-ae58-487d-9843-eba34c31c21d','MESSAGE','Error gini ye','user_2qBnHH1IPa8mHVX6uRp414B74dD','https://img.clerk.com/eyJ0eXBlIjoicHJveHkiLCJzcmMiOiJodHRwczovL2ltYWdlcy5jbGVyay5kZXYvb2F1dGhfZ29vZ2xlL2ltZ18ycUJuSE1iMXNRQnVTTTI3eDdDUzlWQkNJQVAifQ','bagas wijaksono','2025-03-06 15:34:07.058','2025-03-06 15:34:07.058'),('af967da8-3be5-4a33-95ed-0c8197d6d444','org_2tJ4jx1wCUAb7JUT9RXmYeIj14l','CREATE','afcb953a-ae58-487d-9843-eba34c31c21d','MESSAGE','pjp','user_2phvIQrCwUAdanI99EzPItSjJ5u','https://img.clerk.com/eyJ0eXBlIjoicHJveHkiLCJzcmMiOiJodHRwczovL2ltYWdlcy5jbGVyay5kZXYvdXBsb2FkZWQvaW1nXzJwaHdNZ240N2pNcG0zTklGYWo3SWc4d1pRSiJ9','Bagas imam','2025-03-06 18:10:46.685','2025-03-06 18:10:46.685'),('b182a240-a155-464a-8535-98a43f4b5d12','org_2uGaYZiy7Zv7xPn2iVgZmMBDvuw','CREATE','bd535632-576c-4e88-a56e-313f01a18e3b','LIST','On Progress','user_2uGi4lLqVZHDlB5zBdZPj39BRGl','https://img.clerk.com/eyJ0eXBlIjoiZGVmYXVsdCIsImlpZCI6Imluc18ybU10aE1BZjlUdjlqOURlQnFNMHg5cXVLTUciLCJyaWQiOiJ1c2VyXzJ1R2k0bExxVlpIRGxCNXpCZFpQajM5QlJHbCJ9','fikry','2025-03-13 15:56:15.217','2025-03-13 15:56:15.217'),('b1a5e93e-2b4e-4c2d-a81a-dcdd598dcb2e','org_2mMu4iRQhXx0ZwMoWgcstnI0LTh','CREATE','a6d5f494-59fa-45bb-baa3-8d6deb741f2f','LIST','sds','user_2mMtyq9xNamzjRKQzGccN2igZJ5','https://img.clerk.com/eyJ0eXBlIjoicHJveHkiLCJzcmMiOiJodHRwczovL2ltYWdlcy5jbGVyay5kZXYvdXBsb2FkZWQvaW1nXzJyNzl6NGJQcG9iUDlDdTlIejN4Z1JiYjN0dSJ9','Faiz Syukri Arta','2025-03-13 19:46:07.315','2025-03-13 19:46:07.315'),('b1a6034d-96c6-4514-982e-c8d2883c7fbd','org_2qBnJXSEmgap5Mo3ikxs4JCOJGK','CREATE','cb05de28-6ff2-4365-8261-94ea6b713d48','BOARD','Test Akhir','user_2qBnHH1IPa8mHVX6uRp414B74dD','https://img.clerk.com/eyJ0eXBlIjoicHJveHkiLCJzcmMiOiJodHRwczovL2ltYWdlcy5jbGVyay5kZXYvb2F1dGhfZ29vZ2xlL2ltZ18ycUJuSE1iMXNRQnVTTTI3eDdDUzlWQkNJQVAifQ','bagas wijaksono','2025-01-01 23:52:03.489','2025-01-01 23:52:03.489'),('b3432676-925e-48c2-84d2-a72b701faa55','org_2tJGQUb8JQ5y8TrimVZrnbp6VQj','CREATE','d14d4b47-52ae-4a43-9267-c4c5f98e033a','BOARD','cibro','user_2u5Oh5tlXxTvITG9kEUqXUKDcj2','https://img.clerk.com/eyJ0eXBlIjoiZGVmYXVsdCIsImlpZCI6Imluc18ybU10aE1BZjlUdjlqOURlQnFNMHg5cXVLTUciLCJyaWQiOiJ1c2VyXzJ1NU9oNXRsWHhUdklURzlrRVVxWFVLRGNqMiIsImluaXRpYWxzIjoiUkEifQ','Rifa Amril Sahputra','2025-03-09 15:46:47.537','2025-03-09 15:46:47.537'),('b45b13a5-fcf5-4808-9077-fd24ed9e4486','org_2uGaYZiy7Zv7xPn2iVgZmMBDvuw','CREATE','a518cfdc-8c66-4672-b931-dc1f8d45554c','MESSAGE','Testing pesan','user_2uGi4lLqVZHDlB5zBdZPj39BRGl','https://img.clerk.com/eyJ0eXBlIjoiZGVmYXVsdCIsImlpZCI6Imluc18ybU10aE1BZjlUdjlqOURlQnFNMHg5cXVLTUciLCJyaWQiOiJ1c2VyXzJ1R2k0bExxVlpIRGxCNXpCZFpQajM5QlJHbCJ9','fikry','2025-03-14 07:53:21.077','2025-03-14 07:53:21.077'),('b5fa67c4-8572-4acc-b7fd-64fe6cf772cd','org_2uGXQRmwam4PJKY1hctqw2HTJKz','CREATE','80577574-c054-485f-9709-fd5b6d4a9b3d','BOARD','floating','user_2uGXPIJBWdmDsSPUOiFGB8MssDR','https://img.clerk.com/eyJ0eXBlIjoicHJveHkiLCJzcmMiOiJodHRwczovL2ltYWdlcy5jbGVyay5kZXYvb2F1dGhfZ29vZ2xlL2ltZ18ydUdYUEpIeFpiQ3V3RG5OVkdTT2FYNThpREwifQ','Sylva Putri Utari','2025-03-13 14:26:08.906','2025-03-13 14:26:08.906'),('b6c23357-e0fd-43e1-ab4c-de1929455ed9','org_2uGaYZiy7Zv7xPn2iVgZmMBDvuw','CREATE','a2fe45b8-70b2-4b36-9369-934258e842d0','CARD','Seminar Hasil Faiz','user_2uGi4lLqVZHDlB5zBdZPj39BRGl','https://img.clerk.com/eyJ0eXBlIjoiZGVmYXVsdCIsImlpZCI6Imluc18ybU10aE1BZjlUdjlqOURlQnFNMHg5cXVLTUciLCJyaWQiOiJ1c2VyXzJ1R2k0bExxVlpIRGxCNXpCZFpQajM5QlJHbCJ9','fikry','2025-03-13 16:01:24.343','2025-03-13 16:01:24.343'),('bfc9cc9e-7bc7-4b73-a3a2-ec7fffcd2341','org_2uIVV3eSY9F1onQzBJZvl4qcTZA','CREATE','f18ca82a-3fde-4040-b716-cc014d908058','CARD','Hhbbb','user_2uF3DQnrquNdClZ3D7UdqkUSoEK','https://img.clerk.com/eyJ0eXBlIjoicHJveHkiLCJzcmMiOiJodHRwczovL2ltYWdlcy5jbGVyay5kZXYvb2F1dGhfZ29vZ2xlL2ltZ18ydUYzRFBidXdsNGxzUmUxUllPelpMbGhxMmgifQ','Muhammad Fadilah','2025-03-14 07:10:10.492','2025-03-14 07:10:10.492'),('c388085a-2a2f-4024-8abe-a06ad02deb3b','org_2uGaYZiy7Zv7xPn2iVgZmMBDvuw','CREATE','6ef0793c-22f9-48fc-aa31-d1376e03d15e','CARD','Skripsi Faiz Syukri Arta - Copy','user_2uGi4lLqVZHDlB5zBdZPj39BRGl','https://img.clerk.com/eyJ0eXBlIjoiZGVmYXVsdCIsImlpZCI6Imluc18ybU10aE1BZjlUdjlqOURlQnFNMHg5cXVLTUciLCJyaWQiOiJ1c2VyXzJ1R2k0bExxVlpIRGxCNXpCZFpQajM5QlJHbCJ9','fikry','2025-03-13 16:26:40.926','2025-03-13 16:26:40.926'),('c4b5160c-4c0f-465d-84a9-8b2bf122b451','org_2qBnJXSEmgap5Mo3ikxs4JCOJGK','CREATE','b009d576-d616-4c39-bc07-4e1f48c2678d','MESSAGE','Ga gimana gimana','user_2phvIQrCwUAdanI99EzPItSjJ5u','https://img.clerk.com/eyJ0eXBlIjoicHJveHkiLCJzcmMiOiJodHRwczovL2ltYWdlcy5jbGVyay5kZXYvdXBsb2FkZWQvaW1nXzJwaHdNZ240N2pNcG0zTklGYWo3SWc4d1pRSiJ9','Bagas imam','2025-01-02 07:24:48.568','2025-01-02 07:24:48.568'),('c69c7acc-b208-439f-94a9-8681801c3e64','org_2uGaYZiy7Zv7xPn2iVgZmMBDvuw','CREATE','6e047675-7058-4df3-bafa-49f0f6e71d7c','CARD','Seminar Proposal Faiz','user_2uGi4lLqVZHDlB5zBdZPj39BRGl','https://img.clerk.com/eyJ0eXBlIjoiZGVmYXVsdCIsImlpZCI6Imluc18ybU10aE1BZjlUdjlqOURlQnFNMHg5cXVLTUciLCJyaWQiOiJ1c2VyXzJ1R2k0bExxVlpIRGxCNXpCZFpQajM5QlJHbCJ9','fikry','2025-03-13 15:56:33.728','2025-03-13 15:56:33.728'),('c7873912-017e-437e-9368-59c330974f82','org_2mMu4iRQhXx0ZwMoWgcstnI0LTh','CREATE','481e4d43-377a-444c-b695-6f2c9c02682a','MESSAGE','tessss','user_2mMtyq9xNamzjRKQzGccN2igZJ5','https://img.clerk.com/eyJ0eXBlIjoicHJveHkiLCJzcmMiOiJodHRwczovL2ltYWdlcy5jbGVyay5kZXYvdXBsb2FkZWQvaW1nXzJyNzl6NGJQcG9iUDlDdTlIejN4Z1JiYjN0dSJ9','Faiz Syukri Arta','2025-03-14 07:51:28.105','2025-03-14 07:51:28.105'),('c79d2143-c536-4e99-98b9-444441393e08','org_2mNEjfkib7dyRsxEVt5r9qRa7bm','UPDATE','7bcfcec8-682c-4286-94ab-018147c07cc3','CARD','BAB 1','user_2mNEiJ8PZq0v82suFam7bt8d8wD','https://img.clerk.com/eyJ0eXBlIjoicHJveHkiLCJzcmMiOiJodHRwczovL2ltYWdlcy5jbGVyay5kZXYvb2F1dGhfZ29vZ2xlL2ltZ18ybU5FaUpHdzNJV0FaZFNTU3c2dUMxcTF2bGEifQ','Wirda Syahrifa null','2025-03-10 01:15:16.748','2025-03-10 01:15:16.748'),('ca31b256-7dc7-4807-afe1-9bae8cd38b0d','org_2uGaYZiy7Zv7xPn2iVgZmMBDvuw','UPDATE','6e047675-7058-4df3-bafa-49f0f6e71d7c','CARD','Proposal Faiz','user_2uGi4lLqVZHDlB5zBdZPj39BRGl','https://img.clerk.com/eyJ0eXBlIjoiZGVmYXVsdCIsImlpZCI6Imluc18ybU10aE1BZjlUdjlqOURlQnFNMHg5cXVLTUciLCJyaWQiOiJ1c2VyXzJ1R2k0bExxVlpIRGxCNXpCZFpQajM5QlJHbCJ9','fikry','2025-03-13 16:02:37.349','2025-03-13 16:02:37.349'),('cd38ab55-ca68-434e-8cd8-f49e9ff2f7f7','org_2tCFNpcptjXH6XxAyd2u14NaPrb','DELETE','86303042-d65b-474c-954a-2fd4f57121d7','CARD','Bimbingan - Copy','user_2tCFMAExRf9RDfDsevk7NkyzFh3','https://img.clerk.com/eyJ0eXBlIjoicHJveHkiLCJzcmMiOiJodHRwczovL2ltYWdlcy5jbGVyay5kZXYvb2F1dGhfZ29vZ2xlL2ltZ18ydENGTTVIWUdLdjByQmc3NkxRVFJxSlBCUmIifQ','PAKCEH GAMING','2025-03-19 11:28:40.069','2025-03-19 11:28:40.069'),('ce90a16a-53c3-40ec-ba75-1f3b59703c8a','org_2mNEjfkib7dyRsxEVt5r9qRa7bm','CREATE','7bcfcec8-682c-4286-94ab-018147c07cc3','CARD','BAB 1','user_2mNEiJ8PZq0v82suFam7bt8d8wD','https://img.clerk.com/eyJ0eXBlIjoicHJveHkiLCJzcmMiOiJodHRwczovL2ltYWdlcy5jbGVyay5kZXYvb2F1dGhfZ29vZ2xlL2ltZ18ybU5FaUpHdzNJV0FaZFNTU3c2dUMxcTF2bGEifQ','Wirda Syahrifa null','2025-03-10 01:14:26.038','2025-03-10 01:14:26.038'),('cf9f5339-285a-4c27-bd84-43f459c5a563','org_2uIZGca8rP8mYytAXXc7iH5ovsN','DELETE','cff327b7-7a53-4a2b-a778-2eb9b298a1b5','BOARD','Gyy','user_2uIZ8269sNJXdhq2OeAEBdEZqhI','https://img.clerk.com/eyJ0eXBlIjoicHJveHkiLCJzcmMiOiJodHRwczovL2ltYWdlcy5jbGVyay5kZXYvb2F1dGhfZ29vZ2xlL2ltZ18ydUlaODZ5UWtxdlFvcmFlQUxOMXVrWG1sakMifQ','Aureliia null','2025-03-14 07:40:44.096','2025-03-14 07:40:44.096'),('d348f636-ceb7-4e5c-ad65-bea5fb97cbe0','org_2u6ZMNafraDviPWqHTdiXYGEwtb','CREATE','006d8edf-a646-4c54-81f4-5f7deb103f14','BOARD','TIM PROJECT','user_2u6YMweHZJsj4uWTePLAdPOhQpr','https://img.clerk.com/eyJ0eXBlIjoicHJveHkiLCJzcmMiOiJodHRwczovL2ltYWdlcy5jbGVyay5kZXYvb2F1dGhfZ29vZ2xlL2ltZ18ydTZZTXd1MFdaanNFa1lRRTNiT1RaajM3SFYifQ','Langit Ketujuh7','2025-03-10 01:43:50.003','2025-03-10 01:43:50.003'),('d669200c-fddb-480b-ab75-6e4029311075','org_2qBnJXSEmgap5Mo3ikxs4JCOJGK','CREATE','b009d576-d616-4c39-bc07-4e1f48c2678d','MESSAGE','Hooouuoo','user_2phvIQrCwUAdanI99EzPItSjJ5u','https://img.clerk.com/eyJ0eXBlIjoicHJveHkiLCJzcmMiOiJodHRwczovL2ltYWdlcy5jbGVyay5kZXYvdXBsb2FkZWQvaW1nXzJwaHdNZ240N2pNcG0zTklGYWo3SWc4d1pRSiJ9','Bagas imam','2025-01-02 00:15:40.972','2025-01-02 00:15:40.972'),('d87239f8-d23b-4b5c-bfda-d1c02d1cc376','org_2mNEjfkib7dyRsxEVt5r9qRa7bm','UPDATE','7bcfcec8-682c-4286-94ab-018147c07cc3','CARD','BAB 1','user_2mNEiJ8PZq0v82suFam7bt8d8wD','https://img.clerk.com/eyJ0eXBlIjoicHJveHkiLCJzcmMiOiJodHRwczovL2ltYWdlcy5jbGVyay5kZXYvb2F1dGhfZ29vZ2xlL2ltZ18ybU5FaUpHdzNJV0FaZFNTU3c2dUMxcTF2bGEifQ','Wirda Syahrifa null','2025-03-10 01:15:30.957','2025-03-10 01:15:30.957'),('d89c4d03-2b79-4989-aadc-b64cefeeaf71','org_2uIVV3eSY9F1onQzBJZvl4qcTZA','CREATE','9c739f23-bd32-457a-8fca-e24db6486063','BOARD','Sunrise','user_2uF3DQnrquNdClZ3D7UdqkUSoEK','https://img.clerk.com/eyJ0eXBlIjoicHJveHkiLCJzcmMiOiJodHRwczovL2ltYWdlcy5jbGVyay5kZXYvb2F1dGhfZ29vZ2xlL2ltZ18ydUYzRFBidXdsNGxzUmUxUllPelpMbGhxMmgifQ','Muhammad Fadilah','2025-03-14 07:09:29.107','2025-03-14 07:09:29.107'),('da356fb4-2080-4fc4-82be-4a79ba8ccc2d','org_2uGaYZiy7Zv7xPn2iVgZmMBDvuw','UPDATE','a518cfdc-8c66-4672-b931-dc1f8d45554c','MESSAGE','baik pak','user_2mMtyq9xNamzjRKQzGccN2igZJ5','https://img.clerk.com/eyJ0eXBlIjoicHJveHkiLCJzcmMiOiJodHRwczovL2ltYWdlcy5jbGVyay5kZXYvdXBsb2FkZWQvaW1nXzJyNzl6NGJQcG9iUDlDdTlIejN4Z1JiYjN0dSJ9','Faiz Syukri Arta','2025-03-14 07:55:44.183','2025-03-14 07:55:44.183'),('db013844-be46-44b9-bcd9-a70de69d25b1','org_2tJ4jx1wCUAb7JUT9RXmYeIj14l','CREATE','afcb953a-ae58-487d-9843-eba34c31c21d','MESSAGE','Gimana ya','user_2phvIQrCwUAdanI99EzPItSjJ5u','https://img.clerk.com/eyJ0eXBlIjoicHJveHkiLCJzcmMiOiJodHRwczovL2ltYWdlcy5jbGVyay5kZXYvdXBsb2FkZWQvaW1nXzJwaHdNZ240N2pNcG0zTklGYWo3SWc4d1pRSiJ9','Bagas imam','2025-03-06 15:46:43.985','2025-03-06 15:46:43.985'),('dbbb81d3-cf89-4563-80a1-d8e518015530','org_2mMu4iRQhXx0ZwMoWgcstnI0LTh','CREATE','481e4d43-377a-444c-b695-6f2c9c02682a','MESSAGE','hgvvbjn','user_2mMuDB8sShERbTvDUixSNkGAKxI','https://img.clerk.com/eyJ0eXBlIjoicHJveHkiLCJzcmMiOiJodHRwczovL2ltYWdlcy5jbGVyay5kZXYvb2F1dGhfZ29vZ2xlL2ltZ18ybU11RDRVdHlzVE1IV041WnBHTDNBT1VIdGcifQ','Faiz Arta','2025-03-14 07:53:02.242','2025-03-14 07:53:02.242'),('dc765299-7ab4-4b07-9c3b-75118652919e','org_2u6hdAmviIE3PHaFUTEPGiyIv30','CREATE','24f94d9a-465e-40bd-b341-25068ca4c39b','BOARD','ANGKATAN 21','user_2u6YMweHZJsj4uWTePLAdPOhQpr','https://img.clerk.com/eyJ0eXBlIjoicHJveHkiLCJzcmMiOiJodHRwczovL2ltYWdlcy5jbGVyay5kZXYvb2F1dGhfZ29vZ2xlL2ltZ18ydTZZTXd1MFdaanNFa1lRRTNiT1RaajM3SFYifQ','Langit Ketujuh7','2025-03-10 02:50:42.246','2025-03-10 02:50:42.246'),('de4b661f-8c1c-47b9-8898-b98b2e9e8f3d','org_2uGaYZiy7Zv7xPn2iVgZmMBDvuw','CREATE','c231ff93-41e9-439c-b3bc-666e34d30bc3','LIST','Skripsi Faiz','user_2uGi4lLqVZHDlB5zBdZPj39BRGl','https://img.clerk.com/eyJ0eXBlIjoiZGVmYXVsdCIsImlpZCI6Imluc18ybU10aE1BZjlUdjlqOURlQnFNMHg5cXVLTUciLCJyaWQiOiJ1c2VyXzJ1R2k0bExxVlpIRGxCNXpCZFpQajM5QlJHbCJ9','fikry','2025-03-13 15:55:59.898','2025-03-13 15:55:59.898'),('dfdcfa6f-f699-4750-9215-35318aa03780','org_2mNEjfkib7dyRsxEVt5r9qRa7bm','CREATE','5065ddc9-5de3-4493-866c-573bf7385a8f','LIST','SEMHAS','user_2mNEiJ8PZq0v82suFam7bt8d8wD','https://img.clerk.com/eyJ0eXBlIjoicHJveHkiLCJzcmMiOiJodHRwczovL2ltYWdlcy5jbGVyay5kZXYvb2F1dGhfZ29vZ2xlL2ltZ18ybU5FaUpHdzNJV0FaZFNTU3c2dUMxcTF2bGEifQ','Wirda Syahrifa null','2025-03-10 01:13:24.758','2025-03-10 01:13:24.758'),('e362182d-1917-4053-9d6f-f2ac7ed681e9','org_2u6ZMNafraDviPWqHTdiXYGEwtb','CREATE','0657d536-a302-4d5c-9bd9-6778e53e5689','BOARD','PROJECT 2','user_2u6YMweHZJsj4uWTePLAdPOhQpr','https://img.clerk.com/eyJ0eXBlIjoicHJveHkiLCJzcmMiOiJodHRwczovL2ltYWdlcy5jbGVyay5kZXYvb2F1dGhfZ29vZ2xlL2ltZ18ydTZZTXd1MFdaanNFa1lRRTNiT1RaajM3SFYifQ','Langit Ketujuh7','2025-03-10 01:44:38.386','2025-03-10 01:44:38.386'),('e48daad7-b8fb-4c49-a243-77d08fc7d6d8','org_2u6hdAmviIE3PHaFUTEPGiyIv30','CREATE','c9113cd7-44f7-4898-99ac-42d6c47a8129','LIST','SIDANG','user_2u6YMweHZJsj4uWTePLAdPOhQpr','https://img.clerk.com/eyJ0eXBlIjoicHJveHkiLCJzcmMiOiJodHRwczovL2ltYWdlcy5jbGVyay5kZXYvb2F1dGhfZ29vZ2xlL2ltZ18ydTZZTXd1MFdaanNFa1lRRTNiT1RaajM3SFYifQ','Langit Ketujuh7','2025-03-10 02:50:59.412','2025-03-10 02:50:59.412'),('e609b7c5-026b-48c9-930e-46dbe9911c17','org_2mMu4iRQhXx0ZwMoWgcstnI0LTh','CREATE','1edca8bb-e88a-4554-ad4b-867667dcaf84','BOARD','tes2','user_2mMtyq9xNamzjRKQzGccN2igZJ5','https://img.clerk.com/eyJ0eXBlIjoicHJveHkiLCJzcmMiOiJodHRwczovL2ltYWdlcy5jbGVyay5kZXYvdXBsb2FkZWQvaW1nXzJyNzl6NGJQcG9iUDlDdTlIejN4Z1JiYjN0dSJ9','Faiz Syukri Arta','2025-03-14 07:45:38.632','2025-03-14 07:45:38.632'),('e70148a8-1f29-48ba-a627-f7dd1e5d1954','org_2uGaYZiy7Zv7xPn2iVgZmMBDvuw','DELETE','4574bfe7-ddcc-47f7-a3c2-5072eccae181','CARD','Skripsi Faiz Syukri Arta - Copy','user_2uGi4lLqVZHDlB5zBdZPj39BRGl','https://img.clerk.com/eyJ0eXBlIjoiZGVmYXVsdCIsImlpZCI6Imluc18ybU10aE1BZjlUdjlqOURlQnFNMHg5cXVLTUciLCJyaWQiOiJ1c2VyXzJ1R2k0bExxVlpIRGxCNXpCZFpQajM5QlJHbCJ9','fikry','2025-03-14 15:24:38.780','2025-03-14 15:24:38.780'),('e862e54b-7c9e-4683-97cd-0d0fc29a74b5','org_2u6hdAmviIE3PHaFUTEPGiyIv30','CREATE','2d2a6c0b-9bf8-42f5-af1d-ab2077fac700','LIST','SEMPRO','user_2u6YMweHZJsj4uWTePLAdPOhQpr','https://img.clerk.com/eyJ0eXBlIjoicHJveHkiLCJzcmMiOiJodHRwczovL2ltYWdlcy5jbGVyay5kZXYvb2F1dGhfZ29vZ2xlL2ltZ18ydTZZTXd1MFdaanNFa1lRRTNiT1RaajM3SFYifQ','Langit Ketujuh7','2025-03-10 02:50:50.260','2025-03-10 02:50:50.260'),('ea527ab5-e504-4f22-a237-7d9f4c271c3e','org_2qBnJXSEmgap5Mo3ikxs4JCOJGK','CREATE','b009d576-d616-4c39-bc07-4e1f48c2678d','MESSAGE','Halo Guys','user_2phvIQrCwUAdanI99EzPItSjJ5u','https://img.clerk.com/eyJ0eXBlIjoicHJveHkiLCJzcmMiOiJodHRwczovL2ltYWdlcy5jbGVyay5kZXYvdXBsb2FkZWQvaW1nXzJwaHdNZ240N2pNcG0zTklGYWo3SWc4d1pRSiJ9','Bagas imam','2025-01-01 23:54:38.122','2025-01-01 23:54:38.122'),('f0c6b552-edfe-43bf-afd3-990dd080d0ae','org_2mMu4iRQhXx0ZwMoWgcstnI0LTh','CREATE','7b0834e0-98ce-4de7-978d-8911a2112329','LIST','ssss','user_2mMtyq9xNamzjRKQzGccN2igZJ5','https://img.clerk.com/eyJ0eXBlIjoicHJveHkiLCJzcmMiOiJodHRwczovL2ltYWdlcy5jbGVyay5kZXYvdXBsb2FkZWQvaW1nXzJyNzl6NGJQcG9iUDlDdTlIejN4Z1JiYjN0dSJ9','Faiz Syukri Arta','2025-03-13 20:02:15.497','2025-03-13 20:02:15.497'),('f52e5be4-2846-46df-9cc1-b066fa7fc8e3','org_2tJ4jx1wCUAb7JUT9RXmYeIj14l','CREATE','afcb953a-ae58-487d-9843-eba34c31c21d','MESSAGE','Qish qish qish','user_2phvIQrCwUAdanI99EzPItSjJ5u','https://img.clerk.com/eyJ0eXBlIjoicHJveHkiLCJzcmMiOiJodHRwczovL2ltYWdlcy5jbGVyay5kZXYvdXBsb2FkZWQvaW1nXzJwaHdNZ240N2pNcG0zTklGYWo3SWc4d1pRSiJ9','Bagas imam','2025-03-06 17:00:40.921','2025-03-06 17:00:40.921'),('f6d5ca72-1008-4f34-9d28-bcd19d2458d1','org_2tJ4jx1wCUAb7JUT9RXmYeIj14l','CREATE','89032983-51d0-426b-871d-312ba8f9e11f','BOARD','Testt','user_2phvIQrCwUAdanI99EzPItSjJ5u','https://img.clerk.com/eyJ0eXBlIjoicHJveHkiLCJzcmMiOiJodHRwczovL2ltYWdlcy5jbGVyay5kZXYvdXBsb2FkZWQvaW1nXzJwaHdNZ240N2pNcG0zTklGYWo3SWc4d1pRSiJ9','Bagas imam','2025-03-06 15:31:55.057','2025-03-06 15:31:55.057'),('f7026a83-a8e6-4f50-9dae-0ffb950e01d7','org_2tCFNpcptjXH6XxAyd2u14NaPrb','CREATE','7cb6d6d0-6e26-42ef-bc7f-2c2aed557ccf','BOARD','Tes ','user_2tCFMAExRf9RDfDsevk7NkyzFh3','https://img.clerk.com/eyJ0eXBlIjoicHJveHkiLCJzcmMiOiJodHRwczovL2ltYWdlcy5jbGVyay5kZXYvb2F1dGhfZ29vZ2xlL2ltZ18ydENGTTVIWUdLdjByQmc3NkxRVFJxSlBCUmIifQ','PAKCEH GAMING','2025-03-08 06:36:26.739','2025-03-08 06:36:26.739'),('f8bd8dec-247b-4703-941b-756d3b8644f6','org_2uGaYZiy7Zv7xPn2iVgZmMBDvuw','DELETE','a2fe45b8-70b2-4b36-9369-934258e842d0','CARD','Skripsi Faiz Syukri Arta','user_2uGi4lLqVZHDlB5zBdZPj39BRGl','https://img.clerk.com/eyJ0eXBlIjoiZGVmYXVsdCIsImlpZCI6Imluc18ybU10aE1BZjlUdjlqOURlQnFNMHg5cXVLTUciLCJyaWQiOiJ1c2VyXzJ1R2k0bExxVlpIRGxCNXpCZFpQajM5QlJHbCJ9','fikry','2025-03-13 16:26:21.621','2025-03-13 16:26:21.621'),('fa1ef994-b06f-4247-b6ad-c3959c8d9af2','org_2mMu4iRQhXx0ZwMoWgcstnI0LTh','CREATE','481e4d43-377a-444c-b695-6f2c9c02682a','CARD','tes','user_2mMtyq9xNamzjRKQzGccN2igZJ5','https://img.clerk.com/eyJ0eXBlIjoicHJveHkiLCJzcmMiOiJodHRwczovL2ltYWdlcy5jbGVyay5kZXYvdXBsb2FkZWQvaW1nXzJyNzl6NGJQcG9iUDlDdTlIejN4Z1JiYjN0dSJ9','Faiz Syukri Arta','2025-03-14 07:51:21.942','2025-03-14 07:51:21.942'),('fa4630c1-4ee5-4e80-8482-1200a5662d42','org_2uIZGca8rP8mYytAXXc7iH5ovsN','CREATE','bc3467a8-043f-4f65-8f27-4d14d91ac213','LIST','Ggvhhjj','user_2uIZ8269sNJXdhq2OeAEBdEZqhI','https://img.clerk.com/eyJ0eXBlIjoicHJveHkiLCJzcmMiOiJodHRwczovL2ltYWdlcy5jbGVyay5kZXYvb2F1dGhfZ29vZ2xlL2ltZ18ydUlaODZ5UWtxdlFvcmFlQUxOMXVrWG1sakMifQ','Aureliia null','2025-03-14 07:40:35.565','2025-03-14 07:40:35.565'),('fc06dec7-24ec-4d09-bd65-d09f10df7d2b','org_2uGaYZiy7Zv7xPn2iVgZmMBDvuw','CREATE','a518cfdc-8c66-4672-b931-dc1f8d45554c','MESSAGE','Tes lagi','user_2mMtyq9xNamzjRKQzGccN2igZJ5','https://img.clerk.com/eyJ0eXBlIjoicHJveHkiLCJzcmMiOiJodHRwczovL2ltYWdlcy5jbGVyay5kZXYvdXBsb2FkZWQvaW1nXzJyNzl6NGJQcG9iUDlDdTlIejN4Z1JiYjN0dSJ9','Faiz Syukri Arta','2025-03-14 08:00:24.765','2025-03-14 08:00:24.765'),('fc90b6de-cc5b-4b12-a203-088d6e416913','org_2uGaYZiy7Zv7xPn2iVgZmMBDvuw','CREATE','52e24d57-4555-4554-bf29-d11dc78067cc','LIST','Akan Sidang Skripsi','user_2uGi4lLqVZHDlB5zBdZPj39BRGl','https://img.clerk.com/eyJ0eXBlIjoiZGVmYXVsdCIsImlpZCI6Imluc18ybU10aE1BZjlUdjlqOURlQnFNMHg5cXVLTUciLCJyaWQiOiJ1c2VyXzJ1R2k0bExxVlpIRGxCNXpCZFpQajM5QlJHbCJ9','fikry','2025-03-13 16:02:18.534','2025-03-13 16:02:18.534'),('fefcad59-3426-4d6f-83eb-be92b5666f4b','org_2uGaYZiy7Zv7xPn2iVgZmMBDvuw','UPDATE','a2fe45b8-70b2-4b36-9369-934258e842d0','CARD','Skripsi Faiz Syukri Arta','user_2uGi4lLqVZHDlB5zBdZPj39BRGl','https://img.clerk.com/eyJ0eXBlIjoiZGVmYXVsdCIsImlpZCI6Imluc18ybU10aE1BZjlUdjlqOURlQnFNMHg5cXVLTUciLCJyaWQiOiJ1c2VyXzJ1R2k0bExxVlpIRGxCNXpCZFpQajM5QlJHbCJ9','fikry','2025-03-13 16:22:52.145','2025-03-13 16:22:52.145'),('ffeecdc8-3665-44e5-8405-5d3261653359','org_2mMu4iRQhXx0ZwMoWgcstnI0LTh','DELETE','a60c6828-ac77-4c36-b280-fa75865f6215','BOARD','test5','user_2mMtyq9xNamzjRKQzGccN2igZJ5','https://img.clerk.com/eyJ0eXBlIjoicHJveHkiLCJzcmMiOiJodHRwczovL2ltYWdlcy5jbGVyay5kZXYvdXBsb2FkZWQvaW1nXzJyNzl6NGJQcG9iUDlDdTlIejN4Z1JiYjN0dSJ9','Faiz Syukri Arta','2025-03-13 19:46:51.325','2025-03-13 19:46:51.325');
/*!40000 ALTER TABLE `AuditLog` ENABLE KEYS */;
UNLOCK TABLES;

--
-- Table structure for table `Board`
--

DROP TABLE IF EXISTS `Board`;
/*!40101 SET @saved_cs_client     = @@character_set_client */;
/*!50503 SET character_set_client = utf8mb4 */;
CREATE TABLE `Board` (
  `id` varchar(191) CHARACTER SET utf8mb4 COLLATE utf8mb4_unicode_ci NOT NULL,
  `orgId` varchar(191) CHARACTER SET utf8mb4 COLLATE utf8mb4_unicode_ci NOT NULL,
  `title` varchar(191) CHARACTER SET utf8mb4 COLLATE utf8mb4_unicode_ci NOT NULL,
  `imageId` varchar(191) CHARACTER SET utf8mb4 COLLATE utf8mb4_unicode_ci NOT NULL,
  `imageThumbUrl` text CHARACTER SET utf8mb4 COLLATE utf8mb4_unicode_ci NOT NULL,
  `imageFullUrl` text CHARACTER SET utf8mb4 COLLATE utf8mb4_unicode_ci NOT NULL,
  `imageUserName` text CHARACTER SET utf8mb4 COLLATE utf8mb4_unicode_ci NOT NULL,
  `imageLinkHTML` text CHARACTER SET utf8mb4 COLLATE utf8mb4_unicode_ci NOT NULL,
  `createdAt` datetime(3) NOT NULL DEFAULT CURRENT_TIMESTAMP(3),
  `updatedAt` datetime(3) NOT NULL,
  `adminEmail` varchar(191) CHARACTER SET utf8mb4 COLLATE utf8mb4_unicode_ci NOT NULL DEFAULT 'bagasimam01@gmail.com',
  PRIMARY KEY (`id`)
) ENGINE=InnoDB DEFAULT CHARSET=utf8mb4 COLLATE=utf8mb4_unicode_ci;
/*!40101 SET character_set_client = @saved_cs_client */;

--
-- Dumping data for table `Board`
--

LOCK TABLES `Board` WRITE;
/*!40000 ALTER TABLE `Board` DISABLE KEYS */;
INSERT INTO `Board` VALUES ('006d8edf-a646-4c54-81f4-5f7deb103f14','org_2u6ZMNafraDviPWqHTdiXYGEwtb','TIM PROJECT','32dRVL5E7b0','https://images.unsplash.com/photo-1552400846-9f4fa61eab9e?crop=entropy&cs=tinysrgb&fit=max&fm=jpg&ixid=M3w2NDQzMzB8MHwxfHJhbmRvbXx8fHx8fHx8fDE3NDE1NzEwMTV8&ixlib=rb-4.0.3&q=80&w=200','https://images.unsplash.com/photo-1552400846-9f4fa61eab9e?crop=entropy&cs=srgb&fm=jpg&ixid=M3w2NDQzMzB8MHwxfHJhbmRvbXx8fHx8fHx8fDE3NDE1NzEwMTV8&ixlib=rb-4.0.3&q=85','Toms Robertson','https://unsplash.com/photos/rock-formation-in-grayscale-photo-32dRVL5E7b0','2025-03-10 01:43:48.986','2025-03-10 01:43:48.986','lamgitketujuh7@gmail.com'),('0657d536-a302-4d5c-9bd9-6778e53e5689','org_2u6ZMNafraDviPWqHTdiXYGEwtb','PROJECT 2','OD42l1mYKK8','https://images.unsplash.com/photo-1536537142480-776686a99d18?crop=entropy&cs=tinysrgb&fit=max&fm=jpg&ixid=M3w2NDQzMzB8MHwxfHJhbmRvbXx8fHx8fHx8fDE3NDE1NzEwNjN8&ixlib=rb-4.0.3&q=80&w=200','https://images.unsplash.com/photo-1536537142480-776686a99d18?crop=entropy&cs=srgb&fm=jpg&ixid=M3w2NDQzMzB8MHwxfHJhbmRvbXx8fHx8fHx8fDE3NDE1NzEwNjN8&ixlib=rb-4.0.3&q=85','Gregory Hayes','https://unsplash.com/photos/silhouette-of-mountains-and-trees-OD42l1mYKK8','2025-03-10 01:44:38.047','2025-03-10 01:44:38.047','lamgitketujuh7@gmail.com'),('0efcd2d8-70b4-4dbf-a4f2-df415a964c1a','org_2uGaYZiy7Zv7xPn2iVgZmMBDvuw','Bimbingan Skripsi','XoU6wq2aTBU','https://images.unsplash.com/photo-1553612717-b4e164ea184e?crop=entropy&cs=tinysrgb&fit=max&fm=jpg&ixid=M3w2NDQzMzB8MHwxfHJhbmRvbXx8fHx8fHx8fDE3NDE4ODEzMjh8&ixlib=rb-4.0.3&q=80&w=200','https://images.unsplash.com/photo-1553612717-b4e164ea184e?crop=entropy&cs=srgb&fm=jpg&ixid=M3w2NDQzMzB8MHwxfHJhbmRvbXx8fHx8fHx8fDE3NDE4ODEzMjh8&ixlib=rb-4.0.3&q=85','Jessica Fadel','https://unsplash.com/photos/white-leafed-tree-XoU6wq2aTBU','2025-03-13 15:55:46.608','2025-03-13 16:56:57.136','muh.fikry@unimal.ac.id'),('1edca8bb-e88a-4554-ad4b-867667dcaf84','org_2mMu4iRQhXx0ZwMoWgcstnI0LTh','tes2','40AndmX3lvU','https://images.unsplash.com/photo-1491237596458-ccbf4462e884?crop=entropy&cs=tinysrgb&fit=max&fm=jpg&ixid=M3w2NDQzMzB8MHwxfHJhbmRvbXx8fHx8fHx8fDE3NDE5MzgzMzB8&ixlib=rb-4.0.3&q=80&w=200','https://images.unsplash.com/photo-1491237596458-ccbf4462e884?crop=entropy&cs=srgb&fm=jpg&ixid=M3w2NDQzMzB8MHwxfHJhbmRvbXx8fHx8fHx8fDE3NDE5MzgzMzB8&ixlib=rb-4.0.3&q=85','Patrick Hendry','https://unsplash.com/photos/mountain-under-nimbus-cloud-40AndmX3lvU','2025-03-14 07:45:38.102','2025-03-14 07:45:38.102','faiz.210170045@mhs.unimal.ac.id'),('24f94d9a-465e-40bd-b341-25068ca4c39b','org_2u6hdAmviIE3PHaFUTEPGiyIv30','ANGKATAN 21','r8xhkWoxCss','https://images.unsplash.com/photo-1560311209-791bddc290fc?crop=entropy&cs=tinysrgb&fit=max&fm=jpg&ixid=M3w2NDQzMzB8MHwxfHJhbmRvbXx8fHx8fHx8fDE3NDE1NzUwMjd8&ixlib=rb-4.0.3&q=80&w=200','https://images.unsplash.com/photo-1560311209-791bddc290fc?crop=entropy&cs=srgb&fm=jpg&ixid=M3w2NDQzMzB8MHwxfHJhbmRvbXx8fHx8fHx8fDE3NDE1NzUwMjd8&ixlib=rb-4.0.3&q=85','Sheng L','https://unsplash.com/photos/golden-gate-bridge-r8xhkWoxCss','2025-03-10 02:50:41.908','2025-03-10 02:50:41.908','lamgitketujuh7@gmail.com'),('41bdc9c5-5fbe-470d-a2cc-c2d6be677475','org_2tJGQUb8JQ5y8TrimVZrnbp6VQj','Bimbingan ','L-7cP4p5hik','https://images.unsplash.com/photo-1498713301984-508015049dc1?crop=entropy&cs=tinysrgb&fit=max&fm=jpg&ixid=M3w2NDQzMzB8MHwxfHJhbmRvbXx8fHx8fHx8fDE3NDE1MzUxMjJ8&ixlib=rb-4.0.3&q=80&w=200','https://images.unsplash.com/photo-1498713301984-508015049dc1?crop=entropy&cs=srgb&fm=jpg&ixid=M3w2NDQzMzB8MHwxfHJhbmRvbXx8fHx8fHx8fDE3NDE1MzUxMjJ8&ixlib=rb-4.0.3&q=85','Nathan Anderson','https://unsplash.com/photos/milky-way-sky-L-7cP4p5hik','2025-03-09 15:45:28.689','2025-03-09 15:45:28.689','faiz.210170045@mhs.unimal.ac.id'),('7cb6d6d0-6e26-42ef-bc7f-2c2aed557ccf','org_2tCFNpcptjXH6XxAyd2u14NaPrb','Tes ','4wzRuAb-KWs','https://images.unsplash.com/photo-1502790671504-542ad42d5189?crop=entropy&cs=tinysrgb&fit=max&fm=jpg&ixid=M3w2NDQzMzB8MHwxfHJhbmRvbXx8fHx8fHx8fDE3NDE0MTU3NzZ8&ixlib=rb-4.0.3&q=80&w=200','https://images.unsplash.com/photo-1502790671504-542ad42d5189?crop=entropy&cs=srgb&fm=jpg&ixid=M3w2NDQzMzB8MHwxfHJhbmRvbXx8fHx8fHx8fDE3NDE0MTU3NzZ8&ixlib=rb-4.0.3&q=85','Mohammad Alizade','https://unsplash.com/photos/brown-mountains-under-blue-sky-4wzRuAb-KWs','2025-03-08 06:36:25.889','2025-03-08 06:36:25.889','faizsyukriarta0605@gmail.com'),('80577574-c054-485f-9709-fd5b6d4a9b3d','org_2uGXQRmwam4PJKY1hctqw2HTJKz','floating','w06BFh5bRRA','https://images.unsplash.com/photo-1676839560241-bca2c9116ead?crop=entropy&cs=tinysrgb&fit=max&fm=jpg&ixid=M3w2NDQzMzB8MHwxfHJhbmRvbXx8fHx8fHx8fDE3NDE4NzU5MTF8&ixlib=rb-4.0.3&q=80&w=200','https://images.unsplash.com/photo-1676839560241-bca2c9116ead?crop=entropy&cs=srgb&fm=jpg&ixid=M3w2NDQzMzB8MHwxfHJhbmRvbXx8fHx8fHx8fDE3NDE4NzU5MTF8&ixlib=rb-4.0.3&q=85','3d illustrations','https://unsplash.com/photos/a-bunch-of-balloons-floating-in-the-air-w06BFh5bRRA','2025-03-13 14:26:07.666','2025-03-13 14:26:07.666','sylva.210170247@mhs.unimal.ac.id'),('88b4707f-5472-4475-9626-e92d0de5271b','org_2mNEjfkib7dyRsxEVt5r9qRa7bm','SKRIPSI','mZ4RmsyCGDg','https://images.unsplash.com/photo-1518098177606-8e35400d3a2d?crop=entropy&cs=tinysrgb&fit=max&fm=jpg&ixid=M3w2NDQzMzB8MHwxfHJhbmRvbXx8fHx8fHx8fDE3NDE1NjkxNzN8&ixlib=rb-4.0.3&q=80&w=200','https://images.unsplash.com/photo-1518098177606-8e35400d3a2d?crop=entropy&cs=srgb&fm=jpg&ixid=M3w2NDQzMzB8MHwxfHJhbmRvbXx8fHx8fHx8fDE3NDE1NjkxNzN8&ixlib=rb-4.0.3&q=85','Luca Micheli','https://unsplash.com/photos/shooting-star-and-milky-way-at-night-mZ4RmsyCGDg','2025-03-10 01:13:06.589','2025-03-10 01:13:06.589','wirda.210170033@mhs.unimal.ac.id'),('89032983-51d0-426b-871d-312ba8f9e11f','org_2tJ4jx1wCUAb7JUT9RXmYeIj14l','Testt','v97v3xW8Q8A','https://images.unsplash.com/photo-1471258497973-fdbc1f0c0b1c?crop=entropy&cs=tinysrgb&fit=max&fm=jpg&ixid=M3w2NDQzMzB8MHwxfHJhbmRvbXx8fHx8fHx8fDE3NDEyNzUxMDR8&ixlib=rb-4.0.3&q=80&w=200','https://images.unsplash.com/photo-1471258497973-fdbc1f0c0b1c?crop=entropy&cs=srgb&fm=jpg&ixid=M3w2NDQzMzB8MHwxfHJhbmRvbXx8fHx8fHx8fDE3NDEyNzUxMDR8&ixlib=rb-4.0.3&q=85','Ryan Johnston','https://unsplash.com/photos/empty-red-and-white-glass-tunnel-v97v3xW8Q8A','2025-03-06 15:31:53.798','2025-03-06 15:31:53.798','bagasimam01@gmail.com'),('cb05de28-6ff2-4365-8261-94ea6b713d48','org_2qBnJXSEmgap5Mo3ikxs4JCOJGK','Test Akhir','oJueNgDC0vM','https://images.unsplash.com/photo-1694161097603-2858ec0107fe?crop=entropy&cs=tinysrgb&fit=max&fm=jpg&ixid=M3w2NDQzMzB8MHwxfHJhbmRvbXx8fHx8fHx8fDE3MzU3NzU1MDZ8&ixlib=rb-4.0.3&q=80&w=200','https://images.unsplash.com/photo-1694161097603-2858ec0107fe?crop=entropy&cs=srgb&fm=jpg&ixid=M3w2NDQzMzB8MHwxfHJhbmRvbXx8fHx8fHx8fDE3MzU3NzU1MDZ8&ixlib=rb-4.0.3&q=85','Silas Schneider','https://unsplash.com/photos/a-mountain-covered-in-clouds-with-a-sky-background-oJueNgDC0vM','2025-01-01 23:52:03.033','2025-01-01 23:52:03.033','wijaksonobagas18@gmail.com'),('d14d4b47-52ae-4a43-9267-c4c5f98e033a','org_2tJGQUb8JQ5y8TrimVZrnbp6VQj','cibro','eU4pipU_8HA','https://images.unsplash.com/photo-1548013146-72479768bada?crop=entropy&cs=tinysrgb&fit=max&fm=jpg&ixid=M3w2NDQzMzB8MHwxfHJhbmRvbXx8fHx8fHx8fDE3NDE1MzUxOTd8&ixlib=rb-4.0.3&q=80&w=200','https://images.unsplash.com/photo-1548013146-72479768bada?crop=entropy&cs=srgb&fm=jpg&ixid=M3w2NDQzMzB8MHwxfHJhbmRvbXx8fHx8fHx8fDE3NDE1MzUxOTd8&ixlib=rb-4.0.3&q=85','Sylwia Bartyzel','https://unsplash.com/photos/people-near-taj-mahal-eU4pipU_8HA','2025-03-09 15:46:46.663','2025-03-09 15:46:46.663','rifa.210170194@mhs.unimal.ac.id'),('d92d9dca-23a6-4f90-a2f6-8d73a04e6eb5','org_2u6hdAmviIE3PHaFUTEPGiyIv30','ANGKATAN 22','O_lLr6e8NtQ','https://images.unsplash.com/photo-1709626011485-6fe000ea2dbc?crop=entropy&cs=tinysrgb&fit=max&fm=jpg&ixid=M3w2NDQzMzB8MHwxfHJhbmRvbXx8fHx8fHx8fDE3NDE1NzUxMTh8&ixlib=rb-4.0.3&q=80&w=200','https://images.unsplash.com/photo-1709626011485-6fe000ea2dbc?crop=entropy&cs=srgb&fm=jpg&ixid=M3w2NDQzMzB8MHwxfHJhbmRvbXx8fHx8fHx8fDE3NDE1NzUxMTh8&ixlib=rb-4.0.3&q=85','Pawel Czerwinski','https://unsplash.com/photos/a-black-and-blue-abstract-background-with-squares-and-rectangles-O_lLr6e8NtQ','2025-03-10 02:52:08.341','2025-03-10 02:52:08.341','lamgitketujuh7@gmail.com');
/*!40000 ALTER TABLE `Board` ENABLE KEYS */;
UNLOCK TABLES;

--
-- Table structure for table `Card`
--

DROP TABLE IF EXISTS `Card`;
/*!40101 SET @saved_cs_client     = @@character_set_client */;
/*!50503 SET character_set_client = utf8mb4 */;
CREATE TABLE `Card` (
  `id` varchar(191) CHARACTER SET utf8mb4 COLLATE utf8mb4_unicode_ci NOT NULL,
  `title` varchar(191) CHARACTER SET utf8mb4 COLLATE utf8mb4_unicode_ci NOT NULL,
  `description` text CHARACTER SET utf8mb4 COLLATE utf8mb4_unicode_ci,
  `order` int NOT NULL,
  `listId` varchar(191) CHARACTER SET utf8mb4 COLLATE utf8mb4_unicode_ci NOT NULL,
  `createdAt` datetime(3) NOT NULL DEFAULT CURRENT_TIMESTAMP(3),
  `updatedAt` datetime(3) NOT NULL,
  PRIMARY KEY (`id`),
  KEY `Card_listId_idx` (`listId`),
  CONSTRAINT `Card_listId_fkey` FOREIGN KEY (`listId`) REFERENCES `List` (`id`) ON DELETE CASCADE ON UPDATE CASCADE
) ENGINE=InnoDB DEFAULT CHARSET=utf8mb4 COLLATE=utf8mb4_unicode_ci;
/*!40101 SET character_set_client = @saved_cs_client */;

--
-- Dumping data for table `Card`
--

LOCK TABLES `Card` WRITE;
/*!40000 ALTER TABLE `Card` DISABLE KEYS */;
INSERT INTO `Card` VALUES ('0f184653-a8d5-4b0d-8114-0aa75ab5909c','Jangan malas ngoding',NULL,1,'221113af-3ab4-4c29-a6c0-baf010a54463','2025-03-09 15:45:47.457','2025-03-09 15:45:47.457'),('269002ac-14ff-44c1-bd16-c6a23b346b2f','ssfsf','tes vimbingan',1,'332748d9-83ec-4a0f-b5e5-3eb1e2a0db7b','2025-03-14 08:31:13.531','2025-03-14 08:31:26.645'),('6360b978-7280-434f-a6a8-aaf4b71f12bc','Bimbingan',NULL,1,'de9332e8-0765-4066-ade6-fe1a87cafb6f','2025-03-19 11:28:14.784','2025-03-19 11:28:14.784'),('6e047675-7058-4df3-bafa-49f0f6e71d7c','Proposal Faiz Syukri Arta ',NULL,0,'518e3f43-151d-47a1-836e-3b95b7a72ff9','2025-03-13 15:56:33.415','2025-03-13 16:22:46.427'),('7bcfcec8-682c-4286-94ab-018147c07cc3','BAB 1','INI BAB 1 SAYA',1,'92fde825-7431-40ac-a640-d7ab23756fad','2025-03-10 01:14:25.061','2025-03-10 01:15:30.382'),('a518cfdc-8c66-4672-b931-dc1f8d45554c','Skripsi Faiz Syukri Arta','Perkembangan Skripsi Faiz',1,'52e24d57-4555-4554-bf29-d11dc78067cc','2025-03-13 16:26:32.118','2025-03-13 16:37:49.184'),('afcb953a-ae58-487d-9843-eba34c31c21d','semoga',NULL,1,'539b2341-a28e-4f1b-a05f-de341071e7a0','2025-03-06 15:32:28.278','2025-03-06 15:32:28.278'),('b009d576-d616-4c39-bc07-4e1f48c2678d','Lakukan',NULL,1,'d1e20243-95ef-48a7-bec8-f261eb093f5b','2025-01-01 23:52:16.313','2025-01-01 23:52:16.313'),('ffbd96b8-666e-4fce-8d23-40ed5b6a6637','BAB II',NULL,2,'92fde825-7431-40ac-a640-d7ab23756fad','2025-03-10 01:23:28.989','2025-03-10 01:23:28.989');
/*!40000 ALTER TABLE `Card` ENABLE KEYS */;
UNLOCK TABLES;

--
-- Table structure for table `File`
--

DROP TABLE IF EXISTS `File`;
/*!40101 SET @saved_cs_client     = @@character_set_client */;
/*!50503 SET character_set_client = utf8mb4 */;
CREATE TABLE `File` (
  `id` varchar(191) CHARACTER SET utf8mb4 COLLATE utf8mb4_unicode_ci NOT NULL,
  `name` varchar(191) CHARACTER SET utf8mb4 COLLATE utf8mb4_unicode_ci NOT NULL,
  `url` text CHARACTER SET utf8mb4 COLLATE utf8mb4_unicode_ci NOT NULL,
  `type` varchar(191) CHARACTER SET utf8mb4 COLLATE utf8mb4_unicode_ci NOT NULL,
  `createdAt` datetime(3) NOT NULL DEFAULT CURRENT_TIMESTAMP(3),
  `updatedAt` datetime(3) NOT NULL,
  `cardId` varchar(191) CHARACTER SET utf8mb4 COLLATE utf8mb4_unicode_ci NOT NULL,
  PRIMARY KEY (`id`),
  KEY `File_cardId_idx` (`cardId`),
  CONSTRAINT `File_cardId_fkey` FOREIGN KEY (`cardId`) REFERENCES `Card` (`id`) ON DELETE CASCADE ON UPDATE CASCADE
) ENGINE=InnoDB DEFAULT CHARSET=utf8mb4 COLLATE=utf8mb4_unicode_ci;
/*!40101 SET character_set_client = @saved_cs_client */;

--
-- Dumping data for table `File`
--

LOCK TABLES `File` WRITE;
/*!40000 ALTER TABLE `File` DISABLE KEYS */;
INSERT INTO `File` VALUES ('7f0ccb7f-853f-41fe-99f0-8a6b7ce0f4d6','767f7ed6-2ebc-4266-b933-2a120160fece.JPG','/uploads/13-03-2025/767f7ed6-2ebc-4266-b933-2a120160fece-1741883843915-896800359.jpeg','image/jpeg','2025-03-13 16:37:23.916','2025-03-13 16:37:23.916','a518cfdc-8c66-4672-b931-dc1f8d45554c'),('c5d0ce97-30fc-40ca-bcdd-d0d591dc2d52','23.+Dzikri+Mansyursyah+Amin_2657+(1020-1027).pdf','/uploads/10-03-2025/23.+Dzikri+Mansyursyah+Amin_2657+(1020-1027)-1741569305391-253832560.pdf','application/pdf','2025-03-10 01:15:05.395','2025-03-10 01:15:05.395','7bcfcec8-682c-4286-94ab-018147c07cc3'),('e06e0b97-0d32-412c-8a18-6c737271c57c','7 Tugas terstruktur.pdf','/uploads/13-03-2025/7 Tugas terstruktur-1741883755880-414796954.pdf','application/pdf','2025-03-13 16:35:55.882','2025-03-13 16:35:55.882','a518cfdc-8c66-4672-b931-dc1f8d45554c'),('e79fbe78-4193-48cf-9245-98225544baf3','137-264-1-SM (1).pdf','/uploads/10-03-2025/137-264-1-SM (1)-1741569329504-150024205.pdf','application/pdf','2025-03-10 01:15:29.508','2025-03-10 01:15:29.508','7bcfcec8-682c-4286-94ab-018147c07cc3');
/*!40000 ALTER TABLE `File` ENABLE KEYS */;
UNLOCK TABLES;

--
-- Table structure for table `List`
--

DROP TABLE IF EXISTS `List`;
/*!40101 SET @saved_cs_client     = @@character_set_client */;
/*!50503 SET character_set_client = utf8mb4 */;
CREATE TABLE `List` (
  `id` varchar(191) CHARACTER SET utf8mb4 COLLATE utf8mb4_unicode_ci NOT NULL,
  `title` varchar(191) CHARACTER SET utf8mb4 COLLATE utf8mb4_unicode_ci NOT NULL,
  `order` int NOT NULL,
  `boardId` varchar(191) CHARACTER SET utf8mb4 COLLATE utf8mb4_unicode_ci NOT NULL,
  `createdAt` datetime(3) NOT NULL DEFAULT CURRENT_TIMESTAMP(3),
  `updatedAt` datetime(3) NOT NULL,
  PRIMARY KEY (`id`),
  KEY `List_boardId_idx` (`boardId`),
  CONSTRAINT `List_boardId_fkey` FOREIGN KEY (`boardId`) REFERENCES `Board` (`id`) ON DELETE CASCADE ON UPDATE CASCADE
) ENGINE=InnoDB DEFAULT CHARSET=utf8mb4 COLLATE=utf8mb4_unicode_ci;
/*!40101 SET character_set_client = @saved_cs_client */;

--
-- Dumping data for table `List`
--

LOCK TABLES `List` WRITE;
/*!40000 ALTER TABLE `List` DISABLE KEYS */;
INSERT INTO `List` VALUES ('221113af-3ab4-4c29-a6c0-baf010a54463','Ayo Skripsian',1,'41bdc9c5-5fbe-470d-a2cc-c2d6be677475','2025-03-09 15:45:39.586','2025-03-09 15:45:39.586'),('2d2a6c0b-9bf8-42f5-af1d-ab2077fac700','SEMPRO',1,'24f94d9a-465e-40bd-b341-25068ca4c39b','2025-03-10 02:50:49.758','2025-03-10 02:50:49.758'),('332748d9-83ec-4a0f-b5e5-3eb1e2a0db7b','tes',1,'1edca8bb-e88a-4554-ad4b-867667dcaf84','2025-03-14 07:51:17.675','2025-03-14 07:51:17.675'),('5065ddc9-5de3-4493-866c-573bf7385a8f','SEMHAS',2,'88b4707f-5472-4475-9626-e92d0de5271b','2025-03-10 01:13:24.424','2025-03-10 01:13:24.424'),('518e3f43-151d-47a1-836e-3b95b7a72ff9','Complete',5,'0efcd2d8-70b4-4dbf-a4f2-df415a964c1a','2025-03-13 16:02:26.034','2025-03-13 16:02:26.034'),('52e24d57-4555-4554-bf29-d11dc78067cc','Akan Sidang Skripsi',4,'0efcd2d8-70b4-4dbf-a4f2-df415a964c1a','2025-03-13 16:02:18.159','2025-03-13 16:02:18.159'),('539b2341-a28e-4f1b-a05f-de341071e7a0','Mantap kah ws nya',1,'89032983-51d0-426b-871d-312ba8f9e11f','2025-03-06 15:32:22.735','2025-03-06 15:32:22.735'),('915208f4-bbef-4c51-80dd-110b50ee1a68','SIDANG',3,'88b4707f-5472-4475-9626-e92d0de5271b','2025-03-10 01:13:30.228','2025-03-10 01:13:30.228'),('92fde825-7431-40ac-a640-d7ab23756fad','SEMPRO',1,'88b4707f-5472-4475-9626-e92d0de5271b','2025-03-10 01:13:17.493','2025-03-10 01:13:17.493'),('9d5217d0-4eb5-4f80-96c0-c1fd383f51d4','Akan Seminar Hasil',3,'0efcd2d8-70b4-4dbf-a4f2-df415a964c1a','2025-03-13 15:56:19.653','2025-03-13 16:02:08.145'),('bd535632-576c-4e88-a56e-313f01a18e3b','Akan Seminar Proposal',2,'0efcd2d8-70b4-4dbf-a4f2-df415a964c1a','2025-03-13 15:56:14.894','2025-03-13 16:02:01.728'),('c231ff93-41e9-439c-b3bc-666e34d30bc3','To Do',1,'0efcd2d8-70b4-4dbf-a4f2-df415a964c1a','2025-03-13 15:55:59.579','2025-03-13 15:56:05.508'),('c9113cd7-44f7-4898-99ac-42d6c47a8129','SIDANG',3,'24f94d9a-465e-40bd-b341-25068ca4c39b','2025-03-10 02:50:59.129','2025-03-10 02:50:59.129'),('d1e20243-95ef-48a7-bec8-f261eb093f5b','Halo',1,'cb05de28-6ff2-4365-8261-94ea6b713d48','2025-01-01 23:52:10.002','2025-01-01 23:52:10.002'),('de9332e8-0765-4066-ade6-fe1a87cafb6f','Yess',1,'7cb6d6d0-6e26-42ef-bc7f-2c2aed557ccf','2025-03-08 06:36:31.944','2025-03-08 06:36:31.944'),('f90acc7a-a20e-4f4b-b3e1-88e52094b4b0','SEMHAS',2,'24f94d9a-465e-40bd-b341-25068ca4c39b','2025-03-10 02:50:54.797','2025-03-10 02:50:54.797');
/*!40000 ALTER TABLE `List` ENABLE KEYS */;
UNLOCK TABLES;

--
-- Table structure for table `Message`
--

DROP TABLE IF EXISTS `Message`;
/*!40101 SET @saved_cs_client     = @@character_set_client */;
/*!50503 SET character_set_client = utf8mb4 */;
CREATE TABLE `Message` (
  `id` varchar(191) CHARACTER SET utf8mb4 COLLATE utf8mb4_unicode_ci NOT NULL,
  `userId` varchar(191) CHARACTER SET utf8mb4 COLLATE utf8mb4_unicode_ci NOT NULL,
  `message` text CHARACTER SET utf8mb4 COLLATE utf8mb4_unicode_ci NOT NULL,
  `time` datetime(3) NOT NULL DEFAULT CURRENT_TIMESTAMP(3),
  `cardId` varchar(191) CHARACTER SET utf8mb4 COLLATE utf8mb4_unicode_ci NOT NULL,
  `isReadAdmin` int NOT NULL DEFAULT '0',
  `profileImageUrl` varchar(191) CHARACTER SET utf8mb4 COLLATE utf8mb4_unicode_ci NOT NULL,
  `sender` varchar(191) CHARACTER SET utf8mb4 COLLATE utf8mb4_unicode_ci NOT NULL,
  `updatedAt` datetime(3) NOT NULL,
  `isSendEmail` int NOT NULL DEFAULT '0',
  PRIMARY KEY (`id`),
  KEY `Message_cardId_idx` (`cardId`),
  CONSTRAINT `Message_cardId_fkey` FOREIGN KEY (`cardId`) REFERENCES `Card` (`id`) ON DELETE CASCADE ON UPDATE CASCADE
) ENGINE=InnoDB DEFAULT CHARSET=utf8mb4 COLLATE=utf8mb4_unicode_ci;
/*!40101 SET character_set_client = @saved_cs_client */;

--
-- Dumping data for table `Message`
--

LOCK TABLES `Message` WRITE;
/*!40000 ALTER TABLE `Message` DISABLE KEYS */;
INSERT INTO `Message` VALUES ('006bb8d1-e991-4fd4-8bcb-215504072be5','user_2qBnHH1IPa8mHVX6uRp414B74dD','Iya bang','2025-03-06 15:33:21.212','afcb953a-ae58-487d-9843-eba34c31c21d',1,'https://img.clerk.com/eyJ0eXBlIjoicHJveHkiLCJzcmMiOiJodHRwczovL2ltYWdlcy5jbGVyay5kZXYvb2F1dGhfZ29vZ2xlL2ltZ18ycUJuSE1iMXNRQnVTTTI3eDdDUzlWQkNJQVAifQ','bagas wijaksono','2025-03-06 15:34:33.830',0),('07a23a45-ac7c-48a3-8bc1-5bdc2e464a69','user_2uGi4lLqVZHDlB5zBdZPj39BRGl','Bagaimana progress skripsinya ?','2025-03-13 16:41:22.739','a518cfdc-8c66-4672-b931-dc1f8d45554c',1,'https://img.clerk.com/eyJ0eXBlIjoiZGVmYXVsdCIsImlpZCI6Imluc18ybU10aE1BZjlUdjlqOURlQnFNMHg5cXVLTUciLCJyaWQiOiJ1c2VyXzJ1R2k0bExxVlpIRGxCNXpCZFpQajM5QlJHbCJ9','Anonymous','2025-03-13 16:41:22.881',0),('13dac1ae-dd63-42dc-9515-347ead4fb137','user_2phvIQrCwUAdanI99EzPItSjJ5u','Gimana ya','2025-03-06 15:46:44.339','afcb953a-ae58-487d-9843-eba34c31c21d',1,'https://img.clerk.com/eyJ0eXBlIjoicHJveHkiLCJzcmMiOiJodHRwczovL2ltYWdlcy5jbGVyay5kZXYvdXBsb2FkZWQvaW1nXzJwaHdNZ240N2pNcG0zTklGYWo3SWc4d1pRSiJ9','Bagas imam','2025-03-06 15:46:43.478',0),('14ce4cc3-80d8-4345-8544-df9e09bfe2f0','user_2phvIQrCwUAdanI99EzPItSjJ5u','Iya begitu diubah','2025-01-02 00:44:46.062','b009d576-d616-4c39-bc07-4e1f48c2678d',1,'https://img.clerk.com/eyJ0eXBlIjoicHJveHkiLCJzcmMiOiJodHRwczovL2ltYWdlcy5jbGVyay5kZXYvdXBsb2FkZWQvaW1nXzJwaHdNZ240N2pNcG0zTklGYWo3SWc4d1pRSiJ9','Bagas imam','2025-01-02 07:25:09.052',1),('17503cae-8688-4b43-bec6-1cc0f41eb5b1','user_2t9iWAfZRK7bK56gR9Hg6H1EFGC','Tessss','2025-03-14 12:31:49.698','269002ac-14ff-44c1-bd16-c6a23b346b2f',1,'https://img.clerk.com/eyJ0eXBlIjoicHJveHkiLCJzcmMiOiJodHRwczovL2ltYWdlcy5jbGVyay5kZXYvb2F1dGhfZ29vZ2xlL2ltZ18ydDlpVzdhTXl1Qmc0MjJHUDdOOGFQOTc3aWQifQ','boardify','2025-03-14 14:47:08.911',0),('1f0b915b-a321-4f89-8c12-2617f610c42b','user_2phvIQrCwUAdanI99EzPItSjJ5u','Hayii','2025-03-06 16:25:03.348','afcb953a-ae58-487d-9843-eba34c31c21d',1,'https://img.clerk.com/eyJ0eXBlIjoicHJveHkiLCJzcmMiOiJodHRwczovL2ltYWdlcy5jbGVyay5kZXYvdXBsb2FkZWQvaW1nXzJwaHdNZ240N2pNcG0zTklGYWo3SWc4d1pRSiJ9','Bagas imam','2025-03-06 16:25:05.177',0),('27d74e49-6856-420b-be16-ff8694ce7d3b','user_2qBnHH1IPa8mHVX6uRp414B74dD','sekarang gimana','2025-03-06 15:35:15.944','afcb953a-ae58-487d-9843-eba34c31c21d',1,'https://img.clerk.com/eyJ0eXBlIjoicHJveHkiLCJzcmMiOiJodHRwczovL2ltYWdlcy5jbGVyay5kZXYvb2F1dGhfZ29vZ2xlL2ltZ18ycUJuSE1iMXNRQnVTTTI3eDdDUzlWQkNJQVAifQ','bagas wijaksono','2025-03-06 15:36:02.331',0),('32af7e95-8ae3-4994-985c-37def55360b3','user_2phvIQrCwUAdanI99EzPItSjJ5u','CEk notif','2025-01-02 07:29:03.415','b009d576-d616-4c39-bc07-4e1f48c2678d',1,'https://img.clerk.com/eyJ0eXBlIjoicHJveHkiLCJzcmMiOiJodHRwczovL2ltYWdlcy5jbGVyay5kZXYvdXBsb2FkZWQvaW1nXzJwaHdNZ240N2pNcG0zTklGYWo3SWc4d1pRSiJ9','Bagas imam','2025-01-02 07:29:17.820',0),('357816ff-6a47-47f8-b374-fedeba93a352','user_2qBnHH1IPa8mHVX6uRp414B74dD','2 pesan','2025-01-02 07:29:35.291','b009d576-d616-4c39-bc07-4e1f48c2678d',1,'https://img.clerk.com/eyJ0eXBlIjoicHJveHkiLCJzcmMiOiJodHRwczovL2ltYWdlcy5jbGVyay5kZXYvb2F1dGhfZ29vZ2xlL2ltZ18ycUJuSE1iMXNRQnVTTTI3eDdDUzlWQkNJQVAifQ','bagas wijaksono','2025-01-02 07:29:35.313',0),('437295e8-5943-4dfb-b017-f467aa8940bb','user_2t9iWAfZRK7bK56gR9Hg6H1EFGC','dadadao','2025-03-06 17:01:13.838','afcb953a-ae58-487d-9843-eba34c31c21d',1,'https://img.clerk.com/eyJ0eXBlIjoicHJveHkiLCJzcmMiOiJodHRwczovL2ltYWdlcy5jbGVyay5kZXYvb2F1dGhfZ29vZ2xlL2ltZ18ydDlpVzdhTXl1Qmc0MjJHUDdOOGFQOTc3aWQifQ','boardify','2025-03-06 17:28:11.930',0),('520a8642-a278-428e-88d7-f74d158ab466','user_2phvIQrCwUAdanI99EzPItSjJ5u','Halo Guys','2025-01-01 23:54:36.218','b009d576-d616-4c39-bc07-4e1f48c2678d',1,'https://img.clerk.com/eyJ0eXBlIjoicHJveHkiLCJzcmMiOiJodHRwczovL2ltYWdlcy5jbGVyay5kZXYvdXBsb2FkZWQvaW1nXzJwaHdNZ240N2pNcG0zTklGYWo3SWc4d1pRSiJ9','Bagas imam','2025-01-02 00:12:05.701',1),('572a26da-f80a-4d65-8b0f-6299f5dcea3e','user_2phvIQrCwUAdanI99EzPItSjJ5u','update','2025-03-06 15:48:48.257','afcb953a-ae58-487d-9843-eba34c31c21d',1,'https://img.clerk.com/eyJ0eXBlIjoicHJveHkiLCJzcmMiOiJodHRwczovL2ltYWdlcy5jbGVyay5kZXYvdXBsb2FkZWQvaW1nXzJwaHdNZ240N2pNcG0zTklGYWo3SWc4d1pRSiJ9','Bagas imam','2025-03-06 15:48:47.393',0),('60e81f5a-57b1-49ca-a707-fe496068be0e','user_2mNEiJ8PZq0v82suFam7bt8d8wD','HALOOO\n','2025-03-10 01:25:34.192','7bcfcec8-682c-4286-94ab-018147c07cc3',1,'https://img.clerk.com/eyJ0eXBlIjoicHJveHkiLCJzcmMiOiJodHRwczovL2ltYWdlcy5jbGVyay5kZXYvb2F1dGhfZ29vZ2xlL2ltZ18ybU5FaUpHdzNJV0FaZFNTU3c2dUMxcTF2bGEifQ','Wirda Syahrifa','2025-03-10 01:25:35.530',0),('64dc770a-ae6a-470e-a519-82c3d62b5b2a','user_2uGi4lLqVZHDlB5zBdZPj39BRGl','Testing pesan','2025-03-14 07:53:20.559','a518cfdc-8c66-4672-b931-dc1f8d45554c',1,'https://img.clerk.com/eyJ0eXBlIjoiZGVmYXVsdCIsImlpZCI6Imluc18ybU10aE1BZjlUdjlqOURlQnFNMHg5cXVLTUciLCJyaWQiOiJ1c2VyXzJ1R2k0bExxVlpIRGxCNXpCZFpQajM5QlJHbCJ9','Anonymous','2025-03-14 07:53:21.276',0),('78469e69-9cbb-4f09-bd92-702232ffb366','user_2phvIQrCwUAdanI99EzPItSjJ5u','pjp','2025-03-06 18:10:46.899','afcb953a-ae58-487d-9843-eba34c31c21d',1,'https://img.clerk.com/eyJ0eXBlIjoicHJveHkiLCJzcmMiOiJodHRwczovL2ltYWdlcy5jbGVyay5kZXYvdXBsb2FkZWQvaW1nXzJwaHdNZ240N2pNcG0zTklGYWo3SWc4d1pRSiJ9','Bagas imam','2025-03-06 18:10:46.785',0),('7d68ccc1-a40e-4e92-901d-4b0f921dc657','user_2phvIQrCwUAdanI99EzPItSjJ5u','Aman tapi di firefox','2025-03-06 15:34:43.268','afcb953a-ae58-487d-9843-eba34c31c21d',1,'https://img.clerk.com/eyJ0eXBlIjoicHJveHkiLCJzcmMiOiJodHRwczovL2ltYWdlcy5jbGVyay5kZXYvdXBsb2FkZWQvaW1nXzJwaHdNZ240N2pNcG0zTklGYWo3SWc4d1pRSiJ9','Bagas imam','2025-03-06 15:34:44.397',0),('8461f36a-d70c-4dda-812a-1ec1f67ace6e','user_2phvIQrCwUAdanI99EzPItSjJ5u','Halo','2025-03-06 15:22:23.162','b009d576-d616-4c39-bc07-4e1f48c2678d',0,'https://img.clerk.com/eyJ0eXBlIjoicHJveHkiLCJzcmMiOiJodHRwczovL2ltYWdlcy5jbGVyay5kZXYvdXBsb2FkZWQvaW1nXzJwaHdNZ240N2pNcG0zTklGYWo3SWc4d1pRSiJ9','Bagas imam','2025-03-06 15:22:22.924',0),('8686b3b5-5d20-463c-b675-21a854f5ac0b','user_2phvIQrCwUAdanI99EzPItSjJ5u','Haloo','2025-03-06 15:32:44.761','afcb953a-ae58-487d-9843-eba34c31c21d',1,'https://img.clerk.com/eyJ0eXBlIjoicHJveHkiLCJzcmMiOiJodHRwczovL2ltYWdlcy5jbGVyay5kZXYvdXBsb2FkZWQvaW1nXzJwaHdNZ240N2pNcG0zTklGYWo3SWc4d1pRSiJ9','Bagas imam','2025-03-06 15:32:49.198',0),('87d67285-0a07-4db2-b51b-f682b5479bd9','user_2t9iWAfZRK7bK56gR9Hg6H1EFGC','apakah jadi cronjob nya','2025-03-07 22:19:37.544','afcb953a-ae58-487d-9843-eba34c31c21d',0,'https://img.clerk.com/eyJ0eXBlIjoicHJveHkiLCJzcmMiOiJodHRwczovL2ltYWdlcy5jbGVyay5kZXYvb2F1dGhfZ29vZ2xlL2ltZ18ydDlpVzdhTXl1Qmc0MjJHUDdOOGFQOTc3aWQifQ','boardify','2025-03-08 07:24:01.566',2),('88436052-6909-4f16-ab93-e9ea96ab3770','user_2phvIQrCwUAdanI99EzPItSjJ5u','2 pesan','2025-01-02 07:29:12.885','b009d576-d616-4c39-bc07-4e1f48c2678d',1,'https://img.clerk.com/eyJ0eXBlIjoicHJveHkiLCJzcmMiOiJodHRwczovL2ltYWdlcy5jbGVyay5kZXYvdXBsb2FkZWQvaW1nXzJwaHdNZ240N2pNcG0zTklGYWo3SWc4d1pRSiJ9','Bagas imam','2025-01-02 07:29:17.820',0),('8b70fe56-56cc-4824-8d85-6d690b7acba4','user_2mMuDB8sShERbTvDUixSNkGAKxI','Hahahaha','2025-03-14 12:32:50.823','269002ac-14ff-44c1-bd16-c6a23b346b2f',1,'https://img.clerk.com/eyJ0eXBlIjoicHJveHkiLCJzcmMiOiJodHRwczovL2ltYWdlcy5jbGVyay5kZXYvb2F1dGhfZ29vZ2xlL2ltZ18ybU11RDRVdHlzVE1IV041WnBHTDNBT1VIdGcifQ','Faiz Arta','2025-03-14 14:47:08.909',0),('912d3cc7-04a8-47ea-acca-d39e5fd1b077','user_2t9iWAfZRK7bK56gR9Hg6H1EFGC','iyakah','2025-03-06 18:11:07.732','afcb953a-ae58-487d-9843-eba34c31c21d',1,'https://img.clerk.com/eyJ0eXBlIjoicHJveHkiLCJzcmMiOiJodHRwczovL2ltYWdlcy5jbGVyay5kZXYvb2F1dGhfZ29vZ2xlL2ltZ18ydDlpVzdhTXl1Qmc0MjJHUDdOOGFQOTc3aWQifQ','boardify','2025-03-07 14:42:15.729',0),('a2056197-3d69-447a-bd5d-a038068feaf6','user_2qBnHH1IPa8mHVX6uRp414B74dD','Apakah','2025-03-06 15:48:12.538','afcb953a-ae58-487d-9843-eba34c31c21d',1,'https://img.clerk.com/eyJ0eXBlIjoicHJveHkiLCJzcmMiOiJodHRwczovL2ltYWdlcy5jbGVyay5kZXYvb2F1dGhfZ29vZ2xlL2ltZ18ycUJuSE1iMXNRQnVTTTI3eDdDUzlWQkNJQVAifQ','bagas wijaksono','2025-03-06 15:48:35.972',0),('ae4868d5-8a27-40c3-a859-e79c47c0061d','user_2mMtyq9xNamzjRKQzGccN2igZJ5','Hahahaha','2025-03-14 12:33:15.218','269002ac-14ff-44c1-bd16-c6a23b346b2f',1,'https://img.clerk.com/eyJ0eXBlIjoicHJveHkiLCJzcmMiOiJodHRwczovL2ltYWdlcy5jbGVyay5kZXYvdXBsb2FkZWQvaW1nXzJyNzl6NGJQcG9iUDlDdTlIejN4Z1JiYjN0dSJ9','Faiz Syukri Arta','2025-03-14 14:47:08.979',0),('aea785c2-104e-4b54-b56c-461c807f3fca','user_2uGi4lLqVZHDlB5zBdZPj39BRGl','Pesan dari smartphone','2025-03-14 15:24:03.835','a518cfdc-8c66-4672-b931-dc1f8d45554c',1,'https://img.clerk.com/eyJ0eXBlIjoiZGVmYXVsdCIsImlpZCI6Imluc18ybU10aE1BZjlUdjlqOURlQnFNMHg5cXVLTUciLCJyaWQiOiJ1c2VyXzJ1R2k0bExxVlpIRGxCNXpCZFpQajM5QlJHbCJ9','Anonymous','2025-03-14 15:24:04.597',0),('bd110d5c-ed67-4b75-852a-d50e11845456','user_2qBnHH1IPa8mHVX6uRp414B74dD','Notif satunya','2025-01-02 07:29:29.174','b009d576-d616-4c39-bc07-4e1f48c2678d',1,'https://img.clerk.com/eyJ0eXBlIjoicHJveHkiLCJzcmMiOiJodHRwczovL2ltYWdlcy5jbGVyay5kZXYvb2F1dGhfZ29vZ2xlL2ltZ18ycUJuSE1iMXNRQnVTTTI3eDdDUzlWQkNJQVAifQ','bagas wijaksono','2025-01-02 07:29:29.196',0),('c07ae023-9bce-4894-b778-92070e1cecd2','user_2qBnHH1IPa8mHVX6uRp414B74dD','hkhjgbhj','2025-03-07 13:10:28.224','afcb953a-ae58-487d-9843-eba34c31c21d',1,'https://img.clerk.com/eyJ0eXBlIjoicHJveHkiLCJzcmMiOiJodHRwczovL2ltYWdlcy5jbGVyay5kZXYvb2F1dGhfZ29vZ2xlL2ltZ18ycUJuSE1iMXNRQnVTTTI3eDdDUzlWQkNJQVAifQ','bagas wijaksono','2025-03-07 14:42:15.621',0),('c42ba21a-7a6b-4704-9a2c-f28838f6dff5','user_2mMtyq9xNamzjRKQzGccN2igZJ5','Pap ma','2025-03-09 15:45:53.752','0f184653-a8d5-4b0d-8114-0aa75ab5909c',1,'https://img.clerk.com/eyJ0eXBlIjoicHJveHkiLCJzcmMiOiJodHRwczovL2ltYWdlcy5jbGVyay5kZXYvdXBsb2FkZWQvaW1nXzJyNzl6NGJQcG9iUDlDdTlIejN4Z1JiYjN0dSJ9','Faiz Syukri Arta','2025-03-09 15:45:54.872',0),('c5514f10-8d65-45d5-b869-7bbb0c9bc29f','user_2phvIQrCwUAdanI99EzPItSjJ5u','Ga gimana gimana','2025-01-02 07:24:48.014','b009d576-d616-4c39-bc07-4e1f48c2678d',1,'https://img.clerk.com/eyJ0eXBlIjoicHJveHkiLCJzcmMiOiJodHRwczovL2ltYWdlcy5jbGVyay5kZXYvdXBsb2FkZWQvaW1nXzJwaHdNZ240N2pNcG0zTklGYWo3SWc4d1pRSiJ9','Bagas imam','2025-01-02 07:25:43.693',0),('cd06c6f3-8bd4-4c59-8ae9-134e91007c7e','user_2qBnHH1IPa8mHVX6uRp414B74dD','Gimana','2025-01-02 07:24:34.759','b009d576-d616-4c39-bc07-4e1f48c2678d',1,'https://img.clerk.com/eyJ0eXBlIjoicHJveHkiLCJzcmMiOiJodHRwczovL2ltYWdlcy5jbGVyay5kZXYvb2F1dGhfZ29vZ2xlL2ltZ18ycUJuSE1iMXNRQnVTTTI3eDdDUzlWQkNJQVAifQ','bagas wijaksono','2025-01-02 07:24:35.662',0),('d9118e94-923c-4586-b5a5-5c3157467f03','user_2mMtyq9xNamzjRKQzGccN2igZJ5','Tes lagi','2025-03-14 08:00:22.191','a518cfdc-8c66-4672-b931-dc1f8d45554c',0,'https://img.clerk.com/eyJ0eXBlIjoicHJveHkiLCJzcmMiOiJodHRwczovL2ltYWdlcy5jbGVyay5kZXYvdXBsb2FkZWQvaW1nXzJyNzl6NGJQcG9iUDlDdTlIejN4Z1JiYjN0dSJ9','Faiz Syukri Arta','2025-03-14 17:16:02.029',2),('dd08dfe2-8854-4a05-a930-10779ea61981','user_2qBnHH1IPa8mHVX6uRp414B74dD','Error gini ye','2025-03-06 15:34:07.253','afcb953a-ae58-487d-9843-eba34c31c21d',1,'https://img.clerk.com/eyJ0eXBlIjoicHJveHkiLCJzcmMiOiJodHRwczovL2ltYWdlcy5jbGVyay5kZXYvb2F1dGhfZ29vZ2xlL2ltZ18ycUJuSE1iMXNRQnVTTTI3eDdDUzlWQkNJQVAifQ','bagas wijaksono','2025-03-06 15:34:33.828',0),('e2f6d690-3d27-40d7-9a36-759f15ac64fa','user_2tCFMAExRf9RDfDsevk7NkyzFh3','Tes','2025-03-19 11:28:23.037','6360b978-7280-434f-a6a8-aaf4b71f12bc',1,'https://img.clerk.com/eyJ0eXBlIjoicHJveHkiLCJzcmMiOiJodHRwczovL2ltYWdlcy5jbGVyay5kZXYvb2F1dGhfZ29vZ2xlL2ltZ18ydENGTTVIWUdLdjByQmc3NkxRVFJxSlBCUmIifQ','PAKCEH GAMING','2025-03-19 11:28:24.253',0),('e6d59452-098a-44ba-b351-8c72b040cce5','user_2t9iWAfZRK7bK56gR9Hg6H1EFGC','Oy','2025-03-06 16:47:14.086','afcb953a-ae58-487d-9843-eba34c31c21d',1,'https://img.clerk.com/eyJ0eXBlIjoicHJveHkiLCJzcmMiOiJodHRwczovL2ltYWdlcy5jbGVyay5kZXYvb2F1dGhfZ29vZ2xlL2ltZ18ydDlpVzdhTXl1Qmc0MjJHUDdOOGFQOTc3aWQifQ','boardify','2025-03-06 17:00:28.520',0),('e85de6a6-5e0c-4cd2-a913-50d4af8436e4','user_2t9iWAfZRK7bK56gR9Hg6H1EFGC','iya','2025-03-06 18:11:26.271','afcb953a-ae58-487d-9843-eba34c31c21d',1,'https://img.clerk.com/eyJ0eXBlIjoicHJveHkiLCJzcmMiOiJodHRwczovL2ltYWdlcy5jbGVyay5kZXYvb2F1dGhfZ29vZ2xlL2ltZ18ydDlpVzdhTXl1Qmc0MjJHUDdOOGFQOTc3aWQifQ','boardify','2025-03-07 14:42:15.699',0),('edc4e379-7eb0-4832-8b08-5ab096a92744','user_2uGm8WZwzPz8hH0Bwv8kBKq2IVl','Pesan dari member','2025-03-14 07:53:58.460','a518cfdc-8c66-4672-b931-dc1f8d45554c',1,'https://img.clerk.com/eyJ0eXBlIjoiZGVmYXVsdCIsImlpZCI6Imluc18ybU10aE1BZjlUdjlqOURlQnFNMHg5cXVLTUciLCJyaWQiOiJ1c2VyXzJ1R204V1p3elB6OGhIMEJ3djhrQktxMklWbCJ9','Anonymous','2025-03-14 07:54:20.262',0),('f7881764-1016-4896-b854-24a956427291','user_2uGm8WZwzPz8hH0Bwv8kBKq2IVl','test lagi dari member','2025-03-14 07:56:33.864','a518cfdc-8c66-4672-b931-dc1f8d45554c',0,'https://img.clerk.com/eyJ0eXBlIjoiZGVmYXVsdCIsImlpZCI6Imluc18ybU10aE1BZjlUdjlqOURlQnFNMHg5cXVLTUciLCJyaWQiOiJ1c2VyXzJ1R204V1p3elB6OGhIMEJ3djhrQktxMklWbCJ9','Anonymous','2025-03-14 07:56:34.028',0),('fb4ed3e8-bd7f-45e4-9dad-ea1fc5fce8f0','user_2phvIQrCwUAdanI99EzPItSjJ5u','Qish qish qish','2025-03-06 17:00:41.165','afcb953a-ae58-487d-9843-eba34c31c21d',1,'https://img.clerk.com/eyJ0eXBlIjoicHJveHkiLCJzcmMiOiJodHRwczovL2ltYWdlcy5jbGVyay5kZXYvdXBsb2FkZWQvaW1nXzJwaHdNZ240N2pNcG0zTklGYWo3SWc4d1pRSiJ9','Bagas imam','2025-03-06 17:00:40.348',0);
/*!40000 ALTER TABLE `Message` ENABLE KEYS */;
UNLOCK TABLES;

--
-- Table structure for table `Notifications`
--

DROP TABLE IF EXISTS `Notifications`;
/*!40101 SET @saved_cs_client     = @@character_set_client */;
/*!50503 SET character_set_client = utf8mb4 */;
CREATE TABLE `Notifications` (
  `id` varchar(191) CHARACTER SET utf8mb4 COLLATE utf8mb4_unicode_ci NOT NULL,
  `userReadId` text CHARACTER SET utf8mb4 COLLATE utf8mb4_unicode_ci NOT NULL,
  `messageId` varchar(191) CHARACTER SET utf8mb4 COLLATE utf8mb4_unicode_ci NOT NULL,
  `cardId` varchar(191) CHARACTER SET utf8mb4 COLLATE utf8mb4_unicode_ci NOT NULL,
  PRIMARY KEY (`id`),
  UNIQUE KEY `Notifications_messageId_key` (`messageId`),
  KEY `Notifications_messageId_idx` (`messageId`),
  KEY `Notifications_cardId_idx` (`cardId`),
  CONSTRAINT `Notifications_cardId_fkey` FOREIGN KEY (`cardId`) REFERENCES `Card` (`id`) ON DELETE CASCADE ON UPDATE CASCADE,
  CONSTRAINT `Notifications_messageId_fkey` FOREIGN KEY (`messageId`) REFERENCES `Message` (`id`) ON DELETE CASCADE ON UPDATE CASCADE
) ENGINE=InnoDB DEFAULT CHARSET=utf8mb4 COLLATE=utf8mb4_unicode_ci;
/*!40101 SET character_set_client = @saved_cs_client */;

--
-- Dumping data for table `Notifications`
--

LOCK TABLES `Notifications` WRITE;
/*!40000 ALTER TABLE `Notifications` DISABLE KEYS */;
INSERT INTO `Notifications` VALUES ('119ad572-ed0a-43e3-984a-5fde70982af4','user_2phvIQrCwUAdanI99EzPItSjJ5u,user_2qBnHH1IPa8mHVX6uRp414B74dD','c5514f10-8d65-45d5-b869-7bbb0c9bc29f','b009d576-d616-4c39-bc07-4e1f48c2678d'),('2315eb0b-4a93-40e8-b3bf-29ceee5a698e','user_2qBnHH1IPa8mHVX6uRp414B74dD,user_2phvIQrCwUAdanI99EzPItSjJ5u,user_2t9iWAfZRK7bK56gR9Hg6H1EFGC','a2056197-3d69-447a-bd5d-a038068feaf6','afcb953a-ae58-487d-9843-eba34c31c21d'),('28d2e0f1-4605-46a1-bc9f-8b2d5a65fc95','user_2uGm8WZwzPz8hH0Bwv8kBKq2IVl,user_2uGi4lLqVZHDlB5zBdZPj39BRGl','edc4e379-7eb0-4832-8b08-5ab096a92744','a518cfdc-8c66-4672-b931-dc1f8d45554c'),('2c54695b-cd66-447d-82ee-cd969658aa18','user_2uGi4lLqVZHDlB5zBdZPj39BRGl,user_2uGm8WZwzPz8hH0Bwv8kBKq2IVl','64dc770a-ae6a-470e-a519-82c3d62b5b2a','a518cfdc-8c66-4672-b931-dc1f8d45554c'),('3820b8c8-044c-40a9-a55d-1e7cf266f756','user_2qBnHH1IPa8mHVX6uRp414B74dD,user_2phvIQrCwUAdanI99EzPItSjJ5u','cd06c6f3-8bd4-4c59-8ae9-134e91007c7e','b009d576-d616-4c39-bc07-4e1f48c2678d'),('40757281-369f-406b-b82f-9ebd48a41cd0','user_2t9iWAfZRK7bK56gR9Hg6H1EFGC,user_2qBnHH1IPa8mHVX6uRp414B74dD','87d67285-0a07-4db2-b51b-f682b5479bd9','afcb953a-ae58-487d-9843-eba34c31c21d'),('444d3ae1-9e68-42fd-8ec7-b129f2329ad1','user_2mMuDB8sShERbTvDUixSNkGAKxI,user_2mMtyq9xNamzjRKQzGccN2igZJ5,user_2t9iWAfZRK7bK56gR9Hg6H1EFGC','8b70fe56-56cc-4824-8d85-6d690b7acba4','269002ac-14ff-44c1-bd16-c6a23b346b2f'),('47b26239-f808-49d2-909f-da522f009644','user_2uGi4lLqVZHDlB5zBdZPj39BRGl','aea785c2-104e-4b54-b56c-461c807f3fca','a518cfdc-8c66-4672-b931-dc1f8d45554c'),('4a747a59-72ff-4ec0-a303-3e3619e4fd13','user_2phvIQrCwUAdanI99EzPItSjJ5u,user_2qBnHH1IPa8mHVX6uRp414B74dD','14ce4cc3-80d8-4345-8544-df9e09bfe2f0','b009d576-d616-4c39-bc07-4e1f48c2678d'),('528559dc-f906-4a87-ab94-a80d8f68a111','user_2qBnHH1IPa8mHVX6uRp414B74dD,user_2phvIQrCwUAdanI99EzPItSjJ5u,user_2t9iWAfZRK7bK56gR9Hg6H1EFGC','c07ae023-9bce-4894-b778-92070e1cecd2','afcb953a-ae58-487d-9843-eba34c31c21d'),('5bc34fa3-a0c7-430d-8441-b8c557fb06f3','user_2uGm8WZwzPz8hH0Bwv8kBKq2IVl','f7881764-1016-4896-b854-24a956427291','a518cfdc-8c66-4672-b931-dc1f8d45554c'),('62b703af-0244-4dc7-a39e-33f07cfea792','user_2phvIQrCwUAdanI99EzPItSjJ5u,user_2qBnHH1IPa8mHVX6uRp414B74dD,user_2t9iWAfZRK7bK56gR9Hg6H1EFGC','7d68ccc1-a40e-4e92-901d-4b0f921dc657','afcb953a-ae58-487d-9843-eba34c31c21d'),('6bdc6611-2ece-41a4-8692-045cc0d204f1','user_2qBnHH1IPa8mHVX6uRp414B74dD,user_2phvIQrCwUAdanI99EzPItSjJ5u,user_2t9iWAfZRK7bK56gR9Hg6H1EFGC','27d74e49-6856-420b-be16-ff8694ce7d3b','afcb953a-ae58-487d-9843-eba34c31c21d'),('6f13c669-1ef7-4777-931b-3af4b59592c3','user_2phvIQrCwUAdanI99EzPItSjJ5u,user_2qBnHH1IPa8mHVX6uRp414B74dD','88436052-6909-4f16-ab93-e9ea96ab3770','b009d576-d616-4c39-bc07-4e1f48c2678d'),('7f59ff8c-b194-4b9c-a096-c374333c98f1','user_2t9iWAfZRK7bK56gR9Hg6H1EFGC,user_2phvIQrCwUAdanI99EzPItSjJ5u,user_2qBnHH1IPa8mHVX6uRp414B74dD','e6d59452-098a-44ba-b351-8c72b040cce5','afcb953a-ae58-487d-9843-eba34c31c21d'),('80576c7b-f760-4872-a3c6-bf60f3e05032','user_2mNEiJ8PZq0v82suFam7bt8d8wD','60e81f5a-57b1-49ca-a707-fe496068be0e','7bcfcec8-682c-4286-94ab-018147c07cc3'),('805feea5-87a1-4aa9-9445-e569aebb58b9','user_2phvIQrCwUAdanI99EzPItSjJ5u,user_2qBnHH1IPa8mHVX6uRp414B74dD,user_2t9iWAfZRK7bK56gR9Hg6H1EFGC','13dac1ae-dd63-42dc-9515-347ead4fb137','afcb953a-ae58-487d-9843-eba34c31c21d'),('822c99a3-66fe-4657-80df-6be55e69342a','user_2t9iWAfZRK7bK56gR9Hg6H1EFGC,user_2qBnHH1IPa8mHVX6uRp414B74dD,user_2phvIQrCwUAdanI99EzPItSjJ5u','e85de6a6-5e0c-4cd2-a913-50d4af8436e4','afcb953a-ae58-487d-9843-eba34c31c21d'),('852dfcca-e992-4dda-965a-7120fec34724','user_2qBnHH1IPa8mHVX6uRp414B74dD,user_2phvIQrCwUAdanI99EzPItSjJ5u,user_2t9iWAfZRK7bK56gR9Hg6H1EFGC','dd08dfe2-8854-4a05-a930-10779ea61981','afcb953a-ae58-487d-9843-eba34c31c21d'),('8902a4a1-20de-41c7-822e-49b7fa5269fa','user_2qBnHH1IPa8mHVX6uRp414B74dD,user_2phvIQrCwUAdanI99EzPItSjJ5u,user_2t9iWAfZRK7bK56gR9Hg6H1EFGC','006bb8d1-e991-4fd4-8bcb-215504072be5','afcb953a-ae58-487d-9843-eba34c31c21d'),('91e0903e-1aad-47a3-be70-c9d713cb2769','user_2phvIQrCwUAdanI99EzPItSjJ5u,user_2t9iWAfZRK7bK56gR9Hg6H1EFGC,user_2qBnHH1IPa8mHVX6uRp414B74dD','fb4ed3e8-bd7f-45e4-9dad-ea1fc5fce8f0','afcb953a-ae58-487d-9843-eba34c31c21d'),('929cac93-5599-4078-8a7c-49cb71b54941','user_2qBnHH1IPa8mHVX6uRp414B74dD,user_2phvIQrCwUAdanI99EzPItSjJ5u','357816ff-6a47-47f8-b374-fedeba93a352','b009d576-d616-4c39-bc07-4e1f48c2678d'),('95b9ce94-6bcc-4cfe-85ea-209222387e2e','user_2phvIQrCwUAdanI99EzPItSjJ5u,user_2qBnHH1IPa8mHVX6uRp414B74dD','520a8642-a278-428e-88d7-f74d158ab466','b009d576-d616-4c39-bc07-4e1f48c2678d'),('98d280d4-c2ff-493f-95f8-5c5e9a5bdb7d','user_2t9iWAfZRK7bK56gR9Hg6H1EFGC,user_2mMuDB8sShERbTvDUixSNkGAKxI,user_2mMtyq9xNamzjRKQzGccN2igZJ5','17503cae-8688-4b43-bec6-1cc0f41eb5b1','269002ac-14ff-44c1-bd16-c6a23b346b2f'),('9cfc0eab-ce4d-4915-8bd7-3aaa1105e8e5','user_2mMtyq9xNamzjRKQzGccN2igZJ5,user_2u5Oh5tlXxTvITG9kEUqXUKDcj2','c42ba21a-7a6b-4704-9a2c-f28838f6dff5','0f184653-a8d5-4b0d-8114-0aa75ab5909c'),('9d419817-3001-4834-a5f5-bb23376a9300','user_2phvIQrCwUAdanI99EzPItSjJ5u,user_2qBnHH1IPa8mHVX6uRp414B74dD,user_2t9iWAfZRK7bK56gR9Hg6H1EFGC','8686b3b5-5d20-463c-b675-21a854f5ac0b','afcb953a-ae58-487d-9843-eba34c31c21d'),('a1a713b3-e8c9-420b-8196-f0356d419459','user_2phvIQrCwUAdanI99EzPItSjJ5u','8461f36a-d70c-4dda-812a-1ec1f67ace6e','b009d576-d616-4c39-bc07-4e1f48c2678d'),('a2b9f904-3fad-411b-904c-6005aa68336b','user_2mMtyq9xNamzjRKQzGccN2igZJ5','d9118e94-923c-4586-b5a5-5c3157467f03','a518cfdc-8c66-4672-b931-dc1f8d45554c'),('a8a45163-9879-4387-977b-d9a8b98b4d38','user_2uGi4lLqVZHDlB5zBdZPj39BRGl,user_2uGm8WZwzPz8hH0Bwv8kBKq2IVl','07a23a45-ac7c-48a3-8bc1-5bdc2e464a69','a518cfdc-8c66-4672-b931-dc1f8d45554c'),('a926c98f-2d3b-4446-b6ef-0cdf8799c893','user_2phvIQrCwUAdanI99EzPItSjJ5u,user_2t9iWAfZRK7bK56gR9Hg6H1EFGC,user_2qBnHH1IPa8mHVX6uRp414B74dD','572a26da-f80a-4d65-8b0f-6299f5dcea3e','afcb953a-ae58-487d-9843-eba34c31c21d'),('b8ebae1d-739e-482f-ae99-480a792fbc74','user_2t9iWAfZRK7bK56gR9Hg6H1EFGC,user_2phvIQrCwUAdanI99EzPItSjJ5u,user_2qBnHH1IPa8mHVX6uRp414B74dD','437295e8-5943-4dfb-b017-f467aa8940bb','afcb953a-ae58-487d-9843-eba34c31c21d'),('c7255d81-940c-47c2-8cff-7156aed2983a','user_2t9iWAfZRK7bK56gR9Hg6H1EFGC,user_2qBnHH1IPa8mHVX6uRp414B74dD,user_2phvIQrCwUAdanI99EzPItSjJ5u','912d3cc7-04a8-47ea-acca-d39e5fd1b077','afcb953a-ae58-487d-9843-eba34c31c21d'),('d0604769-184d-4117-b963-78a1c958230d','user_2phvIQrCwUAdanI99EzPItSjJ5u,user_2t9iWAfZRK7bK56gR9Hg6H1EFGC,user_2qBnHH1IPa8mHVX6uRp414B74dD','78469e69-9cbb-4f09-bd92-702232ffb366','afcb953a-ae58-487d-9843-eba34c31c21d'),('da299880-fa2a-4272-9a20-41641d070ea2','user_2phvIQrCwUAdanI99EzPItSjJ5u,user_2t9iWAfZRK7bK56gR9Hg6H1EFGC,user_2qBnHH1IPa8mHVX6uRp414B74dD','1f0b915b-a321-4f89-8c12-2617f610c42b','afcb953a-ae58-487d-9843-eba34c31c21d'),('e0417772-0fa0-433a-87b9-f395046946f8','user_2qBnHH1IPa8mHVX6uRp414B74dD,user_2phvIQrCwUAdanI99EzPItSjJ5u','bd110d5c-ed67-4b75-852a-d50e11845456','b009d576-d616-4c39-bc07-4e1f48c2678d'),('e76b6b96-7439-490d-918f-b75cf3fcd53e','user_2mMtyq9xNamzjRKQzGccN2igZJ5,user_2t9iWAfZRK7bK56gR9Hg6H1EFGC','ae4868d5-8a27-40c3-a859-e79c47c0061d','269002ac-14ff-44c1-bd16-c6a23b346b2f'),('f15a892e-225a-4b7b-9511-8140fe63fd20','user_2tCFMAExRf9RDfDsevk7NkyzFh3','e2f6d690-3d27-40d7-9a36-759f15ac64fa','6360b978-7280-434f-a6a8-aaf4b71f12bc'),('f370e5dc-bded-4b9d-a5c0-cd0e318d8d47','user_2phvIQrCwUAdanI99EzPItSjJ5u,user_2qBnHH1IPa8mHVX6uRp414B74dD','32af7e95-8ae3-4994-985c-37def55360b3','b009d576-d616-4c39-bc07-4e1f48c2678d');
/*!40000 ALTER TABLE `Notifications` ENABLE KEYS */;
UNLOCK TABLES;

--
-- Table structure for table `OrgLimit`
--

DROP TABLE IF EXISTS `OrgLimit`;
/*!40101 SET @saved_cs_client     = @@character_set_client */;
/*!50503 SET character_set_client = utf8mb4 */;
CREATE TABLE `OrgLimit` (
  `id` varchar(191) CHARACTER SET utf8mb4 COLLATE utf8mb4_unicode_ci NOT NULL,
  `orgId` varchar(191) CHARACTER SET utf8mb4 COLLATE utf8mb4_unicode_ci NOT NULL,
  `count` int NOT NULL DEFAULT '0',
  `createdAt` datetime(3) NOT NULL DEFAULT CURRENT_TIMESTAMP(3),
  `updatedAt` datetime(3) NOT NULL,
  PRIMARY KEY (`id`),
  UNIQUE KEY `OrgLimit_orgId_key` (`orgId`)
) ENGINE=InnoDB DEFAULT CHARSET=utf8mb4 COLLATE=utf8mb4_unicode_ci;
/*!40101 SET character_set_client = @saved_cs_client */;

--
-- Dumping data for table `OrgLimit`
--

LOCK TABLES `OrgLimit` WRITE;
/*!40000 ALTER TABLE `OrgLimit` DISABLE KEYS */;
INSERT INTO `OrgLimit` VALUES ('09b6abf5-1767-4004-9806-70218b84097c','org_2u6ZMNafraDviPWqHTdiXYGEwtb',2,'2025-03-10 01:43:48.994','2025-03-10 01:44:38.053'),('26e53a40-3fce-42ea-8943-3879412a72f5','org_2uIZGca8rP8mYytAXXc7iH5ovsN',0,'2025-03-14 07:40:10.038','2025-03-14 07:40:43.776'),('48dd159c-23b3-4229-a1b9-6244084b0df0','org_2qBnJXSEmgap5Mo3ikxs4JCOJGK',1,'2025-01-01 23:52:03.091','2025-01-01 23:52:03.091'),('48e9edcf-5847-43ac-b10d-849fb9336ccd','org_2tJGQUb8JQ5y8TrimVZrnbp6VQj',2,'2025-03-09 15:45:28.699','2025-03-09 15:46:46.669'),('63416353-45df-41a9-b26f-bed203794d56','org_2uGaYZiy7Zv7xPn2iVgZmMBDvuw',1,'2025-03-13 15:55:46.616','2025-03-13 15:55:46.616'),('7295e49d-4a68-4e9f-8161-afed9a034d2d','org_2tJ4jx1wCUAb7JUT9RXmYeIj14l',1,'2025-03-06 15:31:53.812','2025-03-06 15:31:53.812'),('7d94736e-85e1-4c89-81cb-4be764298692','org_2uGXQRmwam4PJKY1hctqw2HTJKz',1,'2025-03-13 14:26:07.674','2025-03-13 14:26:07.674'),('8c24e87e-d379-4698-811d-b86f8ef06fc9','org_2mNEjfkib7dyRsxEVt5r9qRa7bm',1,'2025-03-10 01:13:06.599','2025-03-10 01:13:06.599'),('95226588-ac7f-41bb-9bb1-3a4ba7d56969','org_2uIVV3eSY9F1onQzBJZvl4qcTZA',0,'2025-03-14 07:09:28.580','2025-03-14 07:10:36.976'),('b0db5355-0c3a-4fe6-b714-d6b3a1aaecb8','org_2u6hdAmviIE3PHaFUTEPGiyIv30',2,'2025-03-10 02:50:41.916','2025-03-10 02:52:08.346'),('cfd94076-70b7-460e-9fd0-affafb6ee2e6','org_2mMu4iRQhXx0ZwMoWgcstnI0LTh',1,'2025-03-09 09:15:20.215','2025-03-14 07:46:22.004'),('fbb9fedb-f081-4a3e-bc91-a3ed4559b1ef','org_2tCFNpcptjXH6XxAyd2u14NaPrb',1,'2025-03-08 06:36:25.898','2025-03-08 06:36:25.898');
/*!40000 ALTER TABLE `OrgLimit` ENABLE KEYS */;
UNLOCK TABLES;

--
-- Table structure for table `OrgSubscription`
--

DROP TABLE IF EXISTS `OrgSubscription`;
/*!40101 SET @saved_cs_client     = @@character_set_client */;
/*!50503 SET character_set_client = utf8mb4 */;
CREATE TABLE `OrgSubscription` (
  `id` varchar(191) CHARACTER SET utf8mb4 COLLATE utf8mb4_unicode_ci NOT NULL,
  `orgId` varchar(191) CHARACTER SET utf8mb4 COLLATE utf8mb4_unicode_ci NOT NULL,
  `stripe_customer_id` varchar(191) CHARACTER SET utf8mb4 COLLATE utf8mb4_unicode_ci DEFAULT NULL,
  `stripe_subscription_id` varchar(191) CHARACTER SET utf8mb4 COLLATE utf8mb4_unicode_ci DEFAULT NULL,
  `stripe_price_id` varchar(191) CHARACTER SET utf8mb4 COLLATE utf8mb4_unicode_ci DEFAULT NULL,
  `stripe_current_period_end` datetime(3) DEFAULT NULL,
  PRIMARY KEY (`id`),
  UNIQUE KEY `OrgSubscription_orgId_key` (`orgId`),
  UNIQUE KEY `OrgSubscription_stripe_customer_id_key` (`stripe_customer_id`),
  UNIQUE KEY `OrgSubscription_stripe_subscription_id_key` (`stripe_subscription_id`)
) ENGINE=InnoDB DEFAULT CHARSET=utf8mb4 COLLATE=utf8mb4_unicode_ci;
/*!40101 SET character_set_client = @saved_cs_client */;

--
-- Dumping data for table `OrgSubscription`
--

LOCK TABLES `OrgSubscription` WRITE;
/*!40000 ALTER TABLE `OrgSubscription` DISABLE KEYS */;
/*!40000 ALTER TABLE `OrgSubscription` ENABLE KEYS */;
UNLOCK TABLES;

--
-- Table structure for table `_prisma_migrations`
--

DROP TABLE IF EXISTS `_prisma_migrations`;
/*!40101 SET @saved_cs_client     = @@character_set_client */;
/*!50503 SET character_set_client = utf8mb4 */;
CREATE TABLE `_prisma_migrations` (
  `id` varchar(36) CHARACTER SET utf8mb4 COLLATE utf8mb4_unicode_ci NOT NULL,
  `checksum` varchar(64) CHARACTER SET utf8mb4 COLLATE utf8mb4_unicode_ci NOT NULL,
  `finished_at` datetime(3) DEFAULT NULL,
  `migration_name` varchar(255) CHARACTER SET utf8mb4 COLLATE utf8mb4_unicode_ci NOT NULL,
  `logs` text CHARACTER SET utf8mb4 COLLATE utf8mb4_unicode_ci,
  `rolled_back_at` datetime(3) DEFAULT NULL,
  `started_at` datetime(3) NOT NULL DEFAULT CURRENT_TIMESTAMP(3),
  `applied_steps_count` int unsigned NOT NULL DEFAULT '0',
  PRIMARY KEY (`id`)
) ENGINE=InnoDB DEFAULT CHARSET=utf8mb4 COLLATE=utf8mb4_unicode_ci;
/*!40101 SET character_set_client = @saved_cs_client */;

--
-- Dumping data for table `_prisma_migrations`
--

LOCK TABLES `_prisma_migrations` WRITE;
/*!40000 ALTER TABLE `_prisma_migrations` DISABLE KEYS */;
INSERT INTO `_prisma_migrations` VALUES ('5c2b73ba-dff5-4adf-8056-141348aaf736','eabf7a8c394c94620c3760af64438135cb736589d5559b9afc67a01c4a029a37','2025-01-01 05:32:27.417','20250101053227_dev',NULL,NULL,'2025-01-01 05:32:27.406',1),('8f3eb246-9f91-461a-99fa-1719e832685a','c336343002245756f419f06af5946233ba89a0119a882fc63e4f9a9c4da1413d','2025-01-01 05:30:57.423','20240921062648_initialization',NULL,NULL,'2025-01-01 05:30:57.284',1),('9c1e7018-b10e-4ced-b071-465245fee8b2','73c92b35c7c36d3bcae8815693e19e02c5205ecb55751dad1cd30cd3281a9c73','2025-01-01 05:30:57.583','20241229064300_',NULL,NULL,'2025-01-01 05:30:57.424',1);
/*!40000 ALTER TABLE `_prisma_migrations` ENABLE KEYS */;
UNLOCK TABLES;
/*!40103 SET TIME_ZONE=@OLD_TIME_ZONE */;

/*!40101 SET SQL_MODE=@OLD_SQL_MODE */;
/*!40014 SET FOREIGN_KEY_CHECKS=@OLD_FOREIGN_KEY_CHECKS */;
/*!40014 SET UNIQUE_CHECKS=@OLD_UNIQUE_CHECKS */;
/*!40101 SET CHARACTER_SET_CLIENT=@OLD_CHARACTER_SET_CLIENT */;
/*!40101 SET CHARACTER_SET_RESULTS=@OLD_CHARACTER_SET_RESULTS */;
/*!40101 SET COLLATION_CONNECTION=@OLD_COLLATION_CONNECTION */;
/*!40111 SET SQL_NOTES=@OLD_SQL_NOTES */;

-- Dump completed on 2025-04-09 14:33:15
